{
  "common_tasks": [
    "dr_cross_deep_0001",
    "dr_cross_deep_0001_smoke.score.json",
    "dr_cross_deep_0002",
    "dr_cross_deep_0003",
    "dr_cross_deep_0004",
    "dr_cross_deep_0005",
    "dr_cross_deep_0006",
    "dr_cross_deep_0007",
    "dr_cross_deep_0008",
    "dr_cross_deep_0009",
    "dr_cross_deep_0010",
    "dr_cross_deep_0011",
    "dr_cross_deep_0012",
    "dr_cross_deep_0013",
    "dr_cross_deep_0014",
    "dr_cross_deep_0015",
    "dr_cross_deep_0016",
    "dr_cross_deep_0017",
    "dr_cross_deep_0018",
    "dr_cross_deep_0019",
    "dr_cross_deep_0020",
    "dr_cross_deep_0021",
    "dr_cross_deep_0022",
    "dr_cross_deep_0023",
    "dr_cross_deep_0024",
    "dr_cross_deep_0025",
    "dr_cross_deep_0026",
    "dr_cross_deep_0027",
    "dr_cross_deep_0028",
    "dr_cross_deep_0029",
    "dr_cross_deep_0030"
  ],
  "agents": [
    "camel-ai",
    "gpt-researcher",
    "langchain-odr",
    "smolagents",
    "storm"
  ],
  "intent_distribution": {
    "Debunking": 7,
    "Comparison": 8,
    "Timeline": 2,
    "Causal": 4,
    "Market-Intelligence": 3,
    "Enumeration": 5,
    "Recommendation": 1,
    "?": 1
  },
  "per_intent_v2_means": {
    "camel-ai": {
      "?": 0.32183404,
      "Causal": 0.36313543852380953,
      "Comparison": 0.2537625054285714,
      "Debunking": 0.4188562552380953,
      "Enumeration": 0.29409489447619047,
      "Market-Intelligence": 0.22425045403174604,
      "Recommendation": 0.2524190476190476,
      "Timeline": 0.2673372454285714,
      "Overall": 0.3118319031336406
    },
    "gpt-researcher": {
      "?": 0.050095238095238095,
      "Causal": 0.04461904761904762,
      "Comparison": 0.05033632204761906,
      "Debunking": 0.044631703401360544,
      "Enumeration": 0.054478769523809534,
      "Market-Intelligence": 0.05112380952380952,
      "Recommendation": 0.04057142857142857,
      "Timeline": 0.03702857142857144,
      "Overall": 0.047873476657450086
    },
    "langchain-odr": {
      "?": 0.046361904761904764,
      "Causal": 0.023514285714285717,
      "Comparison": 0.03311904761904762,
      "Debunking": 0.029814965986394566,
      "Enumeration": 0.03879238095238095,
      "Market-Intelligence": 0.05371428571428572,
      "Recommendation": 0.022895238095238097,
      "Timeline": 0.020476190476190474,
      "Overall": 0.03332350230414746
    },
    "smolagents": {
      "?": 0.1569392443809524,
      "Causal": 0.19660498976190477,
      "Comparison": 0.21822794788095243,
      "Debunking": 0.09112677066666666,
      "Enumeration": 0.23816738045714284,
      "Market-Intelligence": 0.26809021993650795,
      "Recommendation": 0.3405834706666667,
      "Timeline": 0.30298606171428577,
      "Overall": 0.20221720443010752
    },
    "storm": {
      "?": 0.09691809523809523,
      "Causal": 0.016190476190476193,
      "Comparison": 0.014285714285714285,
      "Debunking": 0.009523809523809523,
      "Enumeration": 0.010285714285714287,
      "Market-Intelligence": 0.04000000000000001,
      "Recommendation": 0.032380952380952385,
      "Timeline": 0.0028571428571428576,
      "Overall": 0.017811490015360993
    }
  },
  "floor_sensitivity": {
    "0.0": {
      "camel-ai": 1457.6837731690657,
      "gpt-researcher": 988.9444545041439,
      "langchain-odr": 728.6981669456386,
      "smolagents": 1318.985705692409,
      "storm": 505.6878996887428
    },
    "0.05": {
      "camel-ai": 1393.262602932361,
      "gpt-researcher": 1010.3177570418027,
      "langchain-odr": 780.8161031312288,
      "smolagents": 1206.9224862033157,
      "storm": 608.6810506912921
    },
    "0.1": {
      "camel-ai": 1392.2639697050538,
      "gpt-researcher": 1000.5761589674321,
      "langchain-odr": 811.054458306594,
      "smolagents": 1175.3964750643395,
      "storm": 620.7089379565807
    },
    "0.2": {
      "camel-ai": 1385.5572994105326,
      "gpt-researcher": 1016.1338597702935,
      "langchain-odr": 831.2934672674312,
      "smolagents": 1151.4216449261928,
      "storm": 615.59372862555
    },
    "0.5": {
      "camel-ai": 1258.275410600831,
      "gpt-researcher": 1093.2279460802333,
      "langchain-odr": 903.7046474246399,
      "smolagents": 1064.8295853587617,
      "storm": 679.962410535534
    }
  },
  "floor_sensitivity_tau": {
    "0.0": 1.0,
    "0.05": 1.0,
    "0.1": 1.0,
    "0.2": 1.0,
    "0.5": 0.8
  },
  "v1_elo": {
    "camel-ai": 1107.5861347351617,
    "gpt-researcher": 1236.8064819060044,
    "langchain-odr": 975.5850286863264,
    "smolagents": 919.4699390748053,
    "storm": 760.5524155977022
  },
  "tau_v1_vs_v3": 0.4,
  "http_breakdown": {
    "camel-ai": {
      "cited_total": 2064,
      "http_200": 1554,
      "http_4xx": 470,
      "http_5xx": 0,
      "net_fail": 0
    },
    "gpt-researcher": {
      "cited_total": 2084,
      "http_200": 52,
      "http_4xx": 1988,
      "http_5xx": 0,
      "net_fail": 0
    },
    "langchain-odr": {
      "cited_total": 1245,
      "http_200": 14,
      "http_4xx": 990,
      "http_5xx": 0,
      "net_fail": 0
    },
    "smolagents": {
      "cited_total": 1435,
      "http_200": 1040,
      "http_4xx": 350,
      "http_5xx": 0,
      "net_fail": 0
    },
    "storm": {
      "cited_total": 17,
      "http_200": 17,
      "http_4xx": 0,
      "http_5xx": 0,
      "net_fail": 0
    }
  },
  "stuffer_simulation": {
    "v2_floor_0p1": 0.5940000000000001,
    "v2_floor_0p0": 0.5940000000000001,
    "v1_no_gate": 0.6000000000000001,
    "components": {
      "url_cov": 0.95,
      "reach": 0.99,
      "judge": 0.05,
      "spec": 1.0,
      "quote": 0.1
    }
  },
  "symmetric_n31": {
    "camel-ai": {
      "elo": 1392.2639697050538,
      "w": 113,
      "l": 10,
      "v2_mean": 0.3118319031336406
    },
    "gpt-researcher": {
      "elo": 1000.5761589674321,
      "w": 62,
      "l": 62,
      "v2_mean": 0.047873476657450086
    },
    "langchain-odr": {
      "elo": 811.054458306594,
      "w": 35,
      "l": 88,
      "v2_mean": 0.03332350230414746
    },
    "smolagents": {
      "elo": 1175.3964750643395,
      "w": 87,
      "l": 37,
      "v2_mean": 0.20221720443010752
    },
    "storm": {
      "elo": 620.7089379565807,
      "w": 12,
      "l": 112,
      "v2_mean": 0.017811490015360993
    }
  }
}