{
  "n_scores": 150,
  "n_agents": 5,
  "n_tasks": 30,
  "baseline_ranking": [
    "camel-ai",
    "smolagents",
    "gpt-researcher",
    "langchain-odr",
    "storm"
  ],
  "baseline_means": {
    "camel-ai": 0.13842406754074166,
    "gpt-researcher": 0.0037771697294966666,
    "langchain-odr": 0.0005071108934333334,
    "smolagents": 0.08882075972811167,
    "storm": 0.0
  },
  "ablation": {
    "url_cov": {
      "rank": [
        "camel-ai",
        "smolagents",
        "gpt-researcher",
        "langchain-odr",
        "storm"
      ],
      "tau": 1.0
    },
    "judge": {
      "rank": [
        "camel-ai",
        "smolagents",
        "gpt-researcher",
        "langchain-odr",
        "storm"
      ],
      "tau": 1.0
    },
    "spec": {
      "rank": [
        "camel-ai",
        "smolagents",
        "gpt-researcher",
        "langchain-odr",
        "storm"
      ],
      "tau": 1.0
    },
    "reach": {
      "rank": [
        "camel-ai",
        "gpt-researcher",
        "langchain-odr",
        "smolagents",
        "storm"
      ],
      "tau": 0.6
    },
    "quote": {
      "rank": [
        "camel-ai",
        "smolagents",
        "gpt-researcher",
        "langchain-odr",
        "storm"
      ],
      "tau": 1.0
    },
    "nli": {
      "rank": [
        "camel-ai",
        "smolagents",
        "gpt-researcher",
        "langchain-odr",
        "storm"
      ],
      "tau": 1.0
    }
  },
  "pearson": {
    "url_cov__judge": 0.1340884906352567,
    "url_cov__spec": 0.5406698656442981,
    "url_cov__reach": 0.15511007978767688,
    "url_cov__quote": 0.16008124685613148,
    "url_cov__nli": NaN,
    "judge__url_cov": 0.1340884906352567,
    "judge__spec": 0.25206882400532427,
    "judge__reach": -0.08836549967254664,
    "judge__quote": -0.09395679208852006,
    "judge__nli": NaN,
    "spec__url_cov": 0.5406698656442981,
    "spec__judge": 0.25206882400532427,
    "spec__reach": 0.3318991834052164,
    "spec__quote": 0.31098996244096266,
    "spec__nli": NaN,
    "reach__url_cov": 0.15511007978767688,
    "reach__judge": -0.08836549967254664,
    "reach__spec": 0.3318991834052164,
    "reach__quote": 0.977160909329244,
    "reach__nli": NaN,
    "quote__url_cov": 0.16008124685613148,
    "quote__judge": -0.09395679208852006,
    "quote__spec": 0.31098996244096266,
    "quote__reach": 0.977160909329244,
    "quote__nli": NaN,
    "nli__url_cov": NaN,
    "nli__judge": NaN,
    "nli__spec": NaN,
    "nli__reach": NaN,
    "nli__quote": NaN
  },
  "spearman": {
    "url_cov__judge": 0.21979172108838196,
    "url_cov__spec": 0.6000154707272163,
    "url_cov__reach": 0.48027887314592027,
    "url_cov__quote": 0.33313226285725134,
    "url_cov__nli": NaN,
    "judge__url_cov": 0.21979172108838196,
    "judge__spec": 0.30087285400443964,
    "judge__reach": 0.05505294864781823,
    "judge__quote": -0.020752649084132095,
    "judge__nli": NaN,
    "spec__url_cov": 0.6000154707272163,
    "spec__judge": 0.3008728540044396,
    "spec__reach": 0.4085491773685619,
    "spec__quote": 0.30595580910276904,
    "spec__nli": NaN,
    "reach__url_cov": 0.48027887314592027,
    "reach__judge": 0.05505294864781823,
    "reach__spec": 0.4085491773685619,
    "reach__quote": 0.9143758830738281,
    "reach__nli": NaN,
    "quote__url_cov": 0.3331322628572514,
    "quote__judge": -0.02075264908413209,
    "quote__spec": 0.305955809102769,
    "quote__reach": 0.9143758830738281,
    "quote__nli": NaN,
    "nli__url_cov": NaN,
    "nli__judge": NaN,
    "nli__spec": NaN,
    "nli__reach": NaN,
    "nli__quote": NaN
  },
  "sensitivity": {
    "url_cov": {
      "taus": [
        1.0,
        1.0,
        1.0,
        1.0,
        1.0
      ],
      "min_tau": 1.0
    },
    "judge": {
      "taus": [
        1.0,
        1.0,
        1.0,
        1.0,
        1.0
      ],
      "min_tau": 1.0
    },
    "spec": {
      "taus": [
        1.0,
        1.0,
        1.0,
        1.0,
        1.0
      ],
      "min_tau": 1.0
    }
  },
  "agent_profiles": {
    "camel-ai": {
      "url_cov": 0.14002333333333333,
      "judge": 0.5190466666666667,
      "spec": 0.7000233333333331,
      "reach": 0.8067766666666667,
      "quote": 0.7509733333333334,
      "nli": 0.0
    },
    "gpt-researcher": {
      "url_cov": 0.20137999999999998,
      "judge": 0.6127033333333335,
      "spec": 0.6555799999999998,
      "reach": 0.03149333333333334,
      "quote": 0.0006133333333333334,
      "nli": 0.0
    },
    "langchain-odr": {
      "url_cov": 0.06666666666666667,
      "judge": 0.48413,
      "spec": 0.48888666666666664,
      "reach": 0.004186666666666667,
      "quote": 0.0005733333333333334,
      "nli": 0.0
    },
    "smolagents": {
      "url_cov": 0.11169333333333334,
      "judge": 0.44127666666666676,
      "spec": 0.3333366666666666,
      "reach": 0.64919,
      "quote": 0.5757,
      "nli": 0.0
    },
    "storm": {
      "url_cov": 0.0,
      "judge": 0.3793533333333333,
      "spec": 0.0,
      "reach": 0.0,
      "quote": 0.0,
      "nli": 0.0
    }
  },
  "v1_vs_v2_tau": 0.4
}