{
  "weights": {
    "citation": 0.3333333333333333,
    "evidence_density": 0.26666666666666666,
    "llm_judge": 0.26666666666666666,
    "markdown_structure": 0.06666666666666667,
    "efficiency": 0.06666666666666667
  },
  "composite_elo_ablated": {
    "camel-ai": 936.2,
    "camel-ai-ds": 733.7,
    "deerflow-ds": 486.7,
    "deerflow-glm46": 898.9,
    "deerflow-glm46-new": 1147.7,
    "deerflow-glm46-shim": 1161.0,
    "gpt-researcher": 970.8,
    "gpt-researcher-ds": 473.1,
    "gpt5chat": 879.0,
    "odr-ds": 335.4,
    "react-glm5": 1134.6,
    "react-qwen35plus": 1232.9,
    "smolagents": 545.4,
    "smolagents-ds": 652.3
  }
}