candidate_id,family,pack_id,pack_label,angle_id,task_structure,status,word_count,query
dra_paper_qc_0001,consumer_technology,audio_headphones,Audio and headphones,long_flight_glasses,constraint_match_and_select,source_probed_query_candidate,95,"I fly long-haul for work, wear glasses, and only carry a small backpack. I am choosing among over-ear noise-cancelling headphones, on-ear headphones, and true-wireless earbuds. The decision has to satisfy maximum $250 budget, comfortable for ten hours, effective against steady cabin noise, and small packing volume. Please compare the options as complete routes rather than as isolated specifications, explain the trade-offs that matter in this situation, and choose the form factor that best preserves noise control without making the trip miserable. If none satisfies everything, identify the least damaging compromise instead of forcing a winner."
dra_paper_qc_0002,consumer_technology,audio_headphones,Audio and headphones,open_office_calls,mechanism_to_case_application,source_probed_query_candidate,122,"I spend full workdays on calls in a loud open-plan office and also listen to music between meetings. I need to decide among wired USB headset, wireless gaming headset, and separate microphone plus headphones while meeting clear outgoing speech, usable music quality, all-day comfort, and no complicated desk setup. Please start from the underlying issue of microphone pickup pattern, sidetone, and software noise suppression and show how it plays out in the specific use case: what it improves, what it cannot solve, and what new trade-off it creates. Then compare the options on that basis and pick the setup that gives coworkers the clearest speech with acceptable listening quality, with a conditional answer if the evidence supports more than one sensible route."
dra_paper_qc_0003,consumer_technology,audio_headphones,Audio and headphones,children_shared_devices,evidence_reconciliation,source_probed_query_candidate,114,"Two children share tablets on road trips and for homework in the same room. I am trying to choose among wired volume-limited headphones, wireless kids headphones, and small shared speaker, but the evidence appears to disagree: high star ratings emphasize durability while parents report broken hinges and inconsistent volume caps. Reconcile the disagreement by checking whether the sources concern different users, conditions, measurements, time periods, or meanings. Then apply the result under these requirements: hearing-safe levels, survive rough handling, simple parental supervision, and work with both tablets. Finally, recommend the safest practical setup and explain what a parent still needs to monitor. Preserve uncertainty where the available evidence does not support one general conclusion."
dra_paper_qc_0004,consumer_technology,audio_headphones,Audio and headphones,balcony_camping_audio,constraint_match_and_select,source_probed_query_candidate,104,"I want one audio device for a small apartment balcony and occasional summer camping. I can see plausible arguments for pocket Bluetooth speaker, larger waterproof speaker, and rugged earbuds, which is why simple ratings are not helping. I need audible outdoors without disturbing neighbors, rain and splash resistance, eight-hour use, and easy to carry. Build the comparison around those needs. Compare the ownership and usability trade-offs where they affect the decision, then choose the least compromised option for both quiet balcony use and camping. If the answer depends on a condition I have not considered, make that condition explicit rather than assuming it away."
dra_paper_qc_0005,consumer_technology,audio_headphones,Audio and headphones,apartment_tv_audio,mechanism_to_case_application,source_probed_query_candidate,123,"I watch films after my neighbors' children are asleep, and dialogue from the television is difficult to follow at low volume. The options are compact soundbar, powered bookshelf speakers, and wireless TV headphones, and the technical explanations I encounter keep mentioning speaker directivity, dynamic-range compression, room reflections, and acoustic isolation. I need to understand which parts of that mechanism are actually decision-relevant. My requirements are clear speech at low volume, minimal sound through shared walls, simple use by two people, and maximum $300. Trace the practical consequences for each option, including any condition that reverses the comparison, and choose the audio approach that improves late-night dialogue without creating a neighbor problem. Do not assume the most advanced-sounding design is automatically the best fit."
dra_paper_qc_0006,consumer_technology,audio_headphones,Audio and headphones,vinyl_first_setup,evidence_reconciliation,source_probed_query_candidate,122,"I inherited a small record collection and want a living-room setup that is enjoyable without becoming a repair hobby. Simple ratings are not enough for turntable with powered speakers, turntable plus integrated amplifier and passive speakers, and all-in-one record player because all-in-one players look convenient while record owners warn about tracking force, vibration, and limited repairability. Separate claims that can coexist under different conditions from claims that genuinely cannot both be right. Then use these requirements to decide which evidence applies to me: maximum $600, replaceable stylus, fit on one cabinet, and low setup complexity. Finally, select the simplest architecture that still protects records and permits sensible maintenance. I want an explanation of the exclusions and remaining uncertainty, not a popularity vote."
dra_paper_qc_0007,consumer_technology,audio_headphones,Audio and headphones,solo_podcast_recording,constraint_match_and_select,source_probed_query_candidate,104,"I record a weekly spoken-word podcast in an untreated bedroom and need cleaner speech than my laptop provides. Before I spend money, I need a decision among USB dynamic microphone, USB condenser microphone, and headset microphone. Please treat reject keyboard and room noise, no separate audio interface, natural voice reproduction, and maximum $220 as real constraints, not preferences that can quietly disappear. Compare how the options behave in the stated use case, separate meaningful differences from marketing language, and choose the microphone type most likely to produce intelligible speech in the actual room. Explain why the excluded options fail or require a specific compromise."
dra_paper_qc_0008,consumer_technology,audio_headphones,Audio and headphones,workshop_hearing_protection,mechanism_to_case_application,source_probed_query_candidate,127,"I spend weekends using loud power tools and would like audio entertainment without defeating hearing protection. I am comparing passive earmuffs with built-in audio, high-isolation wired earphones under earmuffs, and active-noise-cancelling headphones, but I do not want to choose from labels alone. Explain the decision-relevant effects of noise-reduction ratings, passive seal, active cancellation bandwidth, and combined sound exposure in this case. Apply that explanation to these requirements: reduce hazardous tool noise, keep music understandable at modest level, comfortable for two-hour sessions, and easy to clean. Compare where each option benefits or runs into a limit, and identify the arrangement that treats protection as the primary function and audio as secondary. Keep the mechanism tied to the decision rather than turning the answer into a general technical overview."
dra_paper_qc_0009,consumer_technology,audio_headphones,Audio and headphones,sleep_audio_shared_room,evidence_reconciliation,source_probed_query_candidate,119,"I use spoken audio to fall asleep, but my partner needs silence and I change position frequently. I need a decision among pillow speaker, sleep headband headphones, and small bedside speaker, yet bedside speakers receive better sound ratings while side sleepers report leakage, discomfort, and cable problems across all formats. Investigate why the claims diverge, including differences in product version, population, usage, measurement, and evidence attribution where relevant. After resolving what can be resolved, evaluate the choices against these requirements: not audible across the bed, comfortable for side sleeping, automatic shutoff, and no loose hard earbuds. Then choose the least disruptive way to hear speech while falling asleep. If the conflict remains bounded, state exactly what is still unknown."
dra_paper_qc_0010,consumer_technology,audio_headphones,Audio and headphones,silent_instrument_practice,constraint_match_and_select,source_probed_query_candidate,113,"I practice an electronic piano in an apartment and need headphones that reveal timing and dynamics without exaggerating bass. The realistic choices seem to be open-back studio headphones, closed-back monitoring headphones, and consumer wireless headphones, and I keep finding advice aimed at very different users. My hard requirements are accurate midrange and transients, comfortable for ninety minutes, little audible leakage at night, and direct wired connection. Work out which choices genuinely remain after those requirements are applied, show what each surviving choice gives up, and select the monitoring design that best balances honest sound with quiet shared-space practice. I would rather hear that a requirement is incompatible than get a generic best-of list."
dra_paper_qc_0011,consumer_technology,audio_headphones,Audio and headphones,multiroom_rental_audio,mechanism_to_case_application,source_probed_query_candidate,121,"I rent a two-room apartment and want synchronized background music without running speaker cable or modifying walls. Product descriptions make paired wireless smart speakers, portable Bluetooth speakers, and wireless audio adapters with powered speakers sound easy to compare, but the result seems to depend on network clock synchronization, Bluetooth topology, buffering latency, and wireless interference. Explain that mechanism in enough depth to evaluate the options against these requirements: synchronized playback in two rooms, no permanent installation, usable without voice control, and maximum $500. Use it to distinguish a real advantage from a specification that may not matter here, and choose the least fragile route to synchronized music in a rental. I am looking for a scenario-specific conclusion, not a universal ranking."
dra_paper_qc_0012,consumer_technology,audio_headphones,Audio and headphones,outdoor_event_pa,evidence_reconciliation,source_probed_query_candidate,124,"Our volunteer club needs speech and light music for small outdoor events where electrical outlets are unreliable. Advice about battery-powered PA speaker, portable speaker with microphone input, and passive speakers with separate amplifier is pulling me in opposite directions. Consumer speakers advertise long runtime and loudness while event users report reduced endurance at high output and weak microphone control. Please determine whether this is a true contradiction or a scope difference, and explain which evidence should carry weight for my case. Use these requirements as the boundary of the decision: intelligible speech for fifty people, four-hour battery operation, one-person transport, and wired microphone support. Then select the system architecture most dependable for volunteer-run outdoor speech. Do not average incompatible claims into a false consensus."
dra_paper_qc_0013,consumer_technology,mobile_phones_accessories,Mobile phones and accessories,family_charging,constraint_match_and_select,source_probed_query_candidate,107,"I want to replace a drawer of chargers with a compact setup for two phones, a tablet, and a laptop. I am choosing among single multi-port GaN charger, separate brand-name chargers, and cheap travel power strip with USB. The decision has to satisfy maximum $120 total, charge three devices overnight, occasionally fast-charge the laptop, and safe for daily unattended use. Please compare the options as complete routes rather than as isolated specifications, explain the trade-offs that matter in this situation, and choose the safest setup that actually meets the family's simultaneous charging needs. If none satisfies everything, identify the least damaging compromise instead of forcing a winner."
dra_paper_qc_0014,consumer_technology,mobile_phones_accessories,Mobile phones and accessories,case_long_term,mechanism_to_case_application,source_probed_query_candidate,121,"I keep phones for five years and want a case that protects without becoming unpleasant after one summer. I need to decide among thick rugged case, slim clear case, and wallet-style case while meeting survive waist-height drops, fit a pocket, avoid yellowing or peeling, and keep buttons and charging accessible. Please start from the underlying issue of impact-energy distribution, polymer aging, and raised-edge geometry and show how it plays out in the specific use case: what it improves, what it cannot solve, and what new trade-off it creates. Then compare the options on that basis and recommend the case style whose real failure modes best match long ownership, with a conditional answer if the evidence supports more than one sensible route."
dra_paper_qc_0015,consumer_technology,mobile_phones_accessories,Mobile phones and accessories,replace_old_phone,evidence_reconciliation,source_probed_query_candidate,118,"My four-year-old phone dies by lunch, but I do not care about having the newest model. I am trying to choose among new budget phone, new mid-range phone, and refurbished former flagship, but the evidence appears to disagree: specifications favor the old flagship while users disagree about refurbished batteries and remaining update life. Reconcile the disagreement by checking whether the sources concern different users, conditions, measurements, time periods, or meanings. Then apply the result under these requirements: maximum $500, reliable battery for three years, good camera indoors, and continued security updates. Finally, select the route with the best whole-life value rather than the strongest launch-day specifications. Preserve uncertainty where the available evidence does not support one general conclusion."
dra_paper_qc_0016,consumer_technology,mobile_phones_accessories,Mobile phones and accessories,car_navigation,constraint_match_and_select,source_probed_query_candidate,108,"I drive for work and need dependable navigation without cooking the phone on the dashboard. I can see plausible arguments for vent-mounted wired charging, dashboard wireless charging mount, and simple mount with no charging, which is why simple ratings are not helping. I need stable on rough roads, readable in sunlight, avoid battery overheating, and easy one-handed placement. Build the comparison around those needs. Compare the ownership and usability trade-offs where they affect the decision, then choose the mount-and-power approach that is most reliable for long summer drives. If the answer depends on a condition I have not considered, make that condition explicit rather than assuming it away."
dra_paper_qc_0017,consumer_technology,mobile_phones_accessories,Mobile phones and accessories,weekend_power_bank,mechanism_to_case_application,source_probed_query_candidate,125,"I take two-day hiking trips and need to keep a phone and headlamp charged without carrying excessive battery weight. The options are compact high-output power bank, large-capacity power bank, and folding solar charger with small battery, and the technical explanations I encounter keep mentioning battery energy density, conversion losses, temperature effects, and variable solar irradiance. I need to understand which parts of that mechanism are actually decision-relevant. My requirements are two complete phone charges, work in cool weather, under 500 grams, and protected from light rain. Trace the practical consequences for each option, including any condition that reverses the comparison, and choose the most predictable energy source for a weekend away from outlets. Do not assume the most advanced-sounding design is automatically the best fit."
dra_paper_qc_0018,consumer_technology,mobile_phones_accessories,Mobile phones and accessories,screen_protection_tradeoff,evidence_reconciliation,source_probed_query_candidate,130,"My phone shares a work bag with keys and tools, but I also edit photos and dislike distorted color or touch response. Simple ratings are not enough for tempered-glass protector, flexible film protector, and case with raised edges and no protector because hardness numbers dominate listings while owners disagree about edge cracks, trapped dust, and whether protectors prevent screen breakage. Separate claims that can coexist under different conditions from claims that genuinely cannot both be right. Then use these requirements to decide which evidence applies to me: resist daily scratches, preserve touch sensitivity, avoid visible glare or color shift, and easy replacement. Finally, select the protection strategy whose actual failure mode best matches the work bag. I want an explanation of the exclusions and remaining uncertainty, not a popularity vote."
dra_paper_qc_0019,consumer_technology,mobile_phones_accessories,Mobile phones and accessories,bike_navigation_mount,constraint_match_and_select,source_probed_query_candidate,103,"I use my phone for navigation on paved and gravel bicycle rides and remove it whenever I stop. Before I spend money, I need a decision among clamp-style handlebar mount, locking case-based mount, and top-tube phone bag. Please treat stable over repeated vibration, readable while riding, quick removal at stops, and some rain protection as real constraints, not preferences that can quietly disappear. Compare how the options behave in the stated use case, separate meaningful differences from marketing language, and choose the mounting approach that protects the phone without making navigation impractical. Explain why the excluded options fail or require a specific compromise."
dra_paper_qc_0020,consumer_technology,mobile_phones_accessories,Mobile phones and accessories,family_photo_backup,mechanism_to_case_application,source_probed_query_candidate,130,"Our phones contain years of family photos, and I want a backup that still works if one phone is lost or an account is locked. I am comparing cloud photo subscription, automatic home storage hub, and periodic copies to external drives, but I do not want to choose from labels alone. Explain the decision-relevant effects of synchronization versus backup, redundancy, account authentication, and storage media failure in this case. Apply that explanation to these requirements: automatic import from two phones, retain original quality, survive one device failure, and under $250 per year. Compare where each option benefits or runs into a limit, and choose a workflow that reduces both device-loss and single-account risk. Keep the mechanism tied to the decision rather than turning the answer into a general technical overview."
dra_paper_qc_0021,consumer_technology,mobile_phones_accessories,Mobile phones and accessories,water_activity_protection,evidence_reconciliation,source_probed_query_candidate,125,"I kayak and visit beaches, and I need access to maps and emergency calls without assuming the phone itself is waterproof. I need a decision among sealed phone pouch, rugged waterproof case, and dry bag with separate basic phone, yet waterproof labels sound absolute while paddlers report seal contamination, lanyard failures, and poor touch control. Investigate why the claims diverge, including differences in product version, population, usage, measurement, and evidence attribution where relevant. After resolving what can be resolved, evaluate the choices against these requirements: survive brief immersion, usable with wet hands, retain a secure attachment, and allow emergency communication. Then select the protection strategy with the most manageable failure points on the water. If the conflict remains bounded, state exactly what is still unknown."
dra_paper_qc_0022,consumer_technology,mobile_phones_accessories,Mobile phones and accessories,durable_charge_cables,constraint_match_and_select,source_probed_query_candidate,109,"Our shared charging cables fail near the connector after months of bending and being pulled from behind furniture. The realistic choices seem to be braided reinforced cables, silicone flexible cables, and right-angle connector cables, and I keep finding advice aimed at very different users. My hard requirements are support fast charging, survive repeated tight bends, fit phones in cases, and available in two-meter lengths. Work out which choices genuinely remain after those requirements are applied, show what each surviving choice gives up, and choose the cable construction that addresses the household's real bending pattern. I would rather hear that a requirement is incompatible than get a generic best-of list."
dra_paper_qc_0023,consumer_technology,mobile_phones_accessories,Mobile phones and accessories,travel_connectivity,mechanism_to_case_application,source_probed_query_candidate,120,"Three family members need occasional internet access during road trips, but none wants to drain a phone battery all day. Product descriptions make phone hotspot, dedicated mobile hotspot, and cellular travel router sound easy to compare, but the result seems to depend on cellular modem efficiency, Wi-Fi radio power, antenna placement, and thermal throttling. Explain that mechanism in enough depth to evaluate the options against these requirements: connect three devices, eight-hour travel day, simple shared password, and works from vehicle power. Use it to distinguish a real advantage from a specification that may not matter here, and choose the connectivity arrangement with the lowest operational friction for a family. I am looking for a scenario-specific conclusion, not a universal ranking."
dra_paper_qc_0024,consumer_technology,mobile_phones_accessories,Mobile phones and accessories,one_hand_accessibility,evidence_reconciliation,source_probed_query_candidate,122,"I often carry groceries or a child and want a safer one-handed grip without making wireless charging unreliable. Advice about adhesive finger loop, removable magnetic grip, and case with integrated strap is pulling me in opposite directions. Thin grips promise universal compatibility while users report detached adhesive, blocked charging, and awkward finger pressure. Please determine whether this is a true contradiction or a scope difference, and explain which evidence should carry weight for my case. Use these requirements as the boundary of the decision: secure one-handed reach, comfortable in a pocket, compatible with wireless charging, and survive daily removal. Then select the grip design whose ergonomics and charging tradeoffs fit repeated daily use. Do not average incompatible claims into a false consensus."
dra_paper_qc_0025,consumer_technology,computers_input_displays,"Computers, input devices, and displays",shared_office_keyboard,constraint_match_and_select,source_probed_query_candidate,96,"I write all day in a shared office and sometimes carry the keyboard home. I am choosing among full-size mechanical keyboard, 75-percent hot-swappable keyboard, and low-profile membrane keyboard. The decision has to satisfy quiet enough for coworkers, comfortable for long writing, dedicated navigation keys, and fit in a backpack. Please compare the options as complete routes rather than as isolated specifications, explain the trade-offs that matter in this situation, and choose the keyboard type that improves writing without becoming an office nuisance. If none satisfies everything, identify the least damaging compromise instead of forcing a winner."
dra_paper_qc_0026,consumer_technology,computers_input_displays,"Computers, input devices, and displays",mixed_work_monitor,mechanism_to_case_application,source_probed_query_candidate,119,"I edit photos after work but spend most of the day reading text and spreadsheets. I need to decide among 27-inch IPS monitor, curved VA ultrawide, and OLED monitor while meeting sharp text, credible color, comfortable dark-room use, and low risk over five years. Please start from the underlying issue of subpixel layout, contrast, response time, viewing angle, and image retention and show how it plays out in the specific use case: what it improves, what it cannot solve, and what new trade-off it creates. Then compare the options on that basis and select the panel type that best balances office use and hobby photo editing, with a conditional answer if the evidence supports more than one sensible route."
dra_paper_qc_0027,consumer_technology,computers_input_displays,"Computers, input devices, and displays",family_backup,evidence_reconciliation,source_probed_query_candidate,120,"I need a simple backup for family photos and documents that a nontechnical partner can use. I am trying to choose among portable external SSD, desktop external hard drive, and two-drive home NAS, but the evidence appears to disagree: product reliability ratings look similar even though forum failure stories and recovery options differ sharply. Reconcile the disagreement by checking whether the sources concern different users, conditions, measurements, time periods, or meanings. Then apply the result under these requirements: at least four terabytes, recoverable after one device fails, quiet operation, and minimal monthly maintenance. Finally, choose a storage plan and explain which risks it does and does not cover. Preserve uncertainty where the available evidence does not support one general conclusion."
dra_paper_qc_0028,consumer_technology,computers_input_displays,"Computers, input devices, and displays",one_cable_desk,constraint_match_and_select,source_probed_query_candidate,98,"My work laptop moves between home and office and I want a genuine one-cable desk. I can see plausible arguments for USB-C dock, Thunderbolt dock, and monitor with built-in hub, which is why simple ratings are not helping. I need two external displays, laptop charging, Ethernet, and stable wake-from-sleep behavior. Build the comparison around those needs. Compare the ownership and usability trade-offs where they affect the decision, then recommend the least fragile architecture for the stated laptop workflow. If the answer depends on a condition I have not considered, make that condition explicit rather than assuming it away."
dra_paper_qc_0029,consumer_technology,computers_input_displays,"Computers, input devices, and displays",shared_desk_mouse,mechanism_to_case_application,source_probed_query_candidate,122,"My partner and I share a small desk, switch between two computers, and use the mouse for writing and light design work. The options are multi-device wireless mouse, wired ergonomic mouse, and wireless trackball, and the technical explanations I encounter keep mentioning sensor resolution, polling, hand posture, device switching, and required movement area. I need to understand which parts of that mechanism are actually decision-relevant. My requirements are switch between two computers, precise pointer control, quiet clicking, and fit limited desk space. Trace the practical consequences for each option, including any condition that reverses the comparison, and choose the pointing device that works for both people without consuming the desk. Do not assume the most advanced-sounding design is automatically the best fit."
dra_paper_qc_0030,consumer_technology,computers_input_displays,"Computers, input devices, and displays",remote_teaching_camera,evidence_reconciliation,source_probed_query_candidate,120,"I teach online from a dim room and need students to see demonstrations on the desk as well as my face. Simple ratings are not enough for wide-angle webcam, document camera, and phone used as a webcam because webcam rankings emphasize facial video while teachers report focus and mounting limitations when showing physical work. Separate claims that can coexist under different conditions from claims that genuinely cannot both be right. Then use these requirements to decide which evidence applies to me: readable handwritten details, credible skin tones, quick change of viewing angle, and maximum $250. Finally, select the camera workflow that makes both instruction views dependable. I want an explanation of the exclusions and remaining uncertainty, not a popularity vote."
dra_paper_qc_0031,consumer_technology,computers_input_displays,"Computers, input devices, and displays",portable_laptop_posture,constraint_match_and_select,source_probed_query_candidate,113,"I work from libraries several days a week and want better posture without hauling a full desktop setup. Before I spend money, I need a decision among folding laptop stand with compact keyboard, portable monitor with low-profile stand, and lap desk with external mouse. Please treat fit one backpack, set up in two minutes, raise the main viewing area, and stable on small tables as real constraints, not preferences that can quietly disappear. Compare how the options behave in the stated use case, separate meaningful differences from marketing language, and choose the smallest kit that materially improves posture during repeated library sessions. Explain why the excluded options fail or require a specific compromise."
dra_paper_qc_0032,consumer_technology,computers_input_displays,"Computers, input devices, and displays",dual_monitor_mounting,mechanism_to_case_application,source_probed_query_candidate,122,"Two monitors crowd my shallow desk, and one must rotate for reading long documents. I am comparing dual gas-spring monitor arm, two fixed pole arms, and raised shelf with original stands, but I do not want to choose from labels alone. Explain the decision-relevant effects of torque balance, center of mass, clamp pressure, joint friction, and vibration in this case. Apply that explanation to these requirements: support unequal monitor weights, permit portrait rotation, remain stable while typing, and clamp to a thin desktop. Compare where each option benefits or runs into a limit, and select the support arrangement that safely frees space without constant readjustment. Keep the mechanism tied to the decision rather than turning the answer into a general technical overview."
dra_paper_qc_0033,consumer_technology,computers_input_displays,"Computers, input devices, and displays",power_outage_desktop,evidence_reconciliation,source_probed_query_candidate,121,"Short power cuts interrupt my desktop work and occasionally corrupt files before I can save them. I need a decision among standby uninterruptible power supply, line-interactive uninterruptible power supply, and laptop replacement with surge protector, yet capacity labels suggest simple sizing while owners report overload alarms, battery aging, and power-supply compatibility. Investigate why the claims diverge, including differences in product version, population, usage, measurement, and evidence attribution where relevant. After resolving what can be resolved, evaluate the choices against these requirements: five minutes to save work, support desktop and one monitor, replaceable battery, and quiet normal operation. Then choose the power architecture that makes brief outages routine rather than destructive. If the conflict remains bounded, state exactly what is still unknown."
dra_paper_qc_0034,consumer_technology,computers_input_displays,"Computers, input devices, and displays",accurate_print_preview,constraint_match_and_select,source_probed_query_candidate,106,"I design invitations at home and want screen colors that predict ordinary print output more reliably. The realistic choices seem to be factory-calibrated monitor, existing monitor with colorimeter, and standard monitor with printed proof workflow, and I keep finding advice aimed at very different users. My hard requirements are repeatable neutral colors, work under apartment lighting, maximum $500, and no professional print room. Work out which choices genuinely remain after those requirements are applied, show what each surviving choice gives up, and choose the most economical workflow for predictable consumer printing. I would rather hear that a requirement is incompatible than get a generic best-of list."
dra_paper_qc_0035,consumer_technology,computers_input_displays,"Computers, input devices, and displays",memory_card_workflow,mechanism_to_case_application,source_probed_query_candidate,126,"I regularly move large photo and video files from several card formats to a laptop with few ports. Product descriptions make multi-format USB card reader, single-format high-speed reader, and powered desktop hub with card slots sound easy to compare, but the result seems to depend on bus bandwidth sharing, card speed classes, controller heat, cable retention, and power delivery. Explain that mechanism in enough depth to evaluate the options against these requirements: sustain large transfers, support two common card formats, avoid accidental disconnects, and fit a travel pouch. Use it to distinguish a real advantage from a specification that may not matter here, and select the reader arrangement that favors reliable ingestion over headline speed. I am looking for a scenario-specific conclusion, not a universal ranking."
dra_paper_qc_0036,consumer_technology,computers_input_displays,"Computers, input devices, and displays",sunlit_secondary_display,evidence_reconciliation,source_probed_query_candidate,120,"I work beside a bright window and need a second screen mainly for reference documents and video calls. Advice about matte portable monitor, high-brightness tablet as display, and standard desktop monitor with shade is pulling me in opposite directions. Glossy displays often score well for contrast while window-side users describe reflections as the dominant limit. Please determine whether this is a true contradiction or a scope difference, and explain which evidence should carry weight for my case. Use these requirements as the boundary of the decision: readable in daytime glare, sharp text, simple laptop connection, and maximum $400. Then choose the secondary display that remains usable in the real lighting environment. Do not average incompatible claims into a false consensus."
dra_paper_qc_0037,consumer_technology,gaming_consoles,Gaming and consoles,family_console,constraint_match_and_select,source_probed_query_candidate,96,"Two children want a console, but the adults also want local multiplayer and a useful game library. I am choosing among current-generation console, previous-generation used console, and entry gaming PC. The decision has to satisfy maximum $650 including two controllers, age-appropriate library, four-player local games, and reasonable ownership cost. Please compare the options as complete routes rather than as isolated specifications, explain the trade-offs that matter in this situation, and choose the platform that delivers the strongest family value over three years. If none satisfies everything, identify the least damaging compromise instead of forcing a winner."
dra_paper_qc_0038,consumer_technology,gaming_consoles,Gaming and consoles,controller_replacement,mechanism_to_case_application,source_probed_query_candidate,111,"I have replaced two controllers because the left stick began drifting. I need to decide among standard first-party controller, premium modular controller, and third-party Hall-effect controller while meeting reliable analog input, comfortable for large hands, wireless use, and maximum $180. Please start from the underlying issue of potentiometer wear, dead zones, Hall-effect sensing, and replaceable modules and show how it plays out in the specific use case: what it improves, what it cannot solve, and what new trade-off it creates. Then compare the options on that basis and pick the controller architecture most likely to reduce repeat failures, with a conditional answer if the evidence supports more than one sensible route."
dra_paper_qc_0039,consumer_technology,gaming_consoles,Gaming and consoles,first_vr,evidence_reconciliation,source_probed_query_candidate,119,"I want to try VR for fitness and games without turning the living room into a permanent computer lab. I am trying to choose among standalone VR headset, console-tethered VR headset, and PC VR headset, but the evidence appears to disagree: higher specifications are praised by reviewers while first-time users report comfort, cable, and nausea problems. Reconcile the disagreement by checking whether the sources concern different users, conditions, measurements, time periods, or meanings. Then apply the result under these requirements: easy setup, low motion sickness risk, good movement tracking, and maximum $700. Finally, recommend the route most likely to be used regularly after the novelty wears off. Preserve uncertainty where the available evidence does not support one general conclusion."
dra_paper_qc_0040,consumer_technology,gaming_consoles,Gaming and consoles,train_handheld,constraint_match_and_select,source_probed_query_candidate,104,"My commute is ninety minutes each way and I want something better than phone games. I can see plausible arguments for dedicated handheld console, handheld gaming PC, and light gaming laptop, which is why simple ratings are not helping. I need usable on a crowded train, two-hour battery minimum, resume quickly, and play a broad library. Build the comparison around those needs. Compare the ownership and usability trade-offs where they affect the decision, then choose the device class that best fits daily train use. If the answer depends on a condition I have not considered, make that condition explicit rather than assuming it away."
dra_paper_qc_0041,consumer_technology,gaming_consoles,Gaming and consoles,shared_living_room_gaming,mechanism_to_case_application,source_probed_query_candidate,125,"I share the only television with roommates and want to play without taking over the living room every evening. The options are compact console with remote play, handheld console with television dock, and gaming laptop, and the technical explanations I encounter keep mentioning local rendering, streaming latency, suspend states, thermal limits, and display switching. I need to understand which parts of that mechanism are actually decision-relevant. My requirements are resume sessions quickly, play privately without television, connect to television for groups, and store in one drawer. Trace the practical consequences for each option, including any condition that reverses the comparison, and choose the platform format least likely to create conflict over the television. Do not assume the most advanced-sounding design is automatically the best fit."
dra_paper_qc_0042,consumer_technology,gaming_consoles,Gaming and consoles,racing_game_controls,evidence_reconciliation,source_probed_query_candidate,118,"I enjoy driving games at a desk but do not have room for a permanent racing frame. Simple ratings are not enough for controller with motion steering, clamp-mounted wheel and pedals, and folding racing seat because wheel reviews reward strong force feedback while apartment users report desk flex, noise, and storage burden. Separate claims that can coexist under different conditions from claims that genuinely cannot both be right. Then use these requirements to decide which evidence applies to me: store after each session, accurate steering input, stable braking, and maximum $650. Finally, select the control setup that adds useful realism without becoming permanent furniture. I want an explanation of the exclusions and remaining uncertainty, not a popularity vote."
dra_paper_qc_0043,consumer_technology,gaming_consoles,Gaming and consoles,retro_game_display,constraint_match_and_select,source_probed_query_candidate,99,"I want to play older game systems on a modern television without collecting bulky legacy displays. Before I spend money, I need a decision among basic analog video adapter, low-latency video scaler, and software emulation device. Please treat responsive controls, correct image proportions, support several old systems, and simple living-room wiring as real constraints, not preferences that can quietly disappear. Compare how the options behave in the stated use case, separate meaningful differences from marketing language, and choose the route that preserves playability rather than merely producing output. Explain why the excluded options fail or require a specific compromise."
dra_paper_qc_0044,consumer_technology,gaming_consoles,Gaming and consoles,accessible_one_hand_play,mechanism_to_case_application,source_probed_query_candidate,127,"A family member has limited use of one hand and wants to join cooperative games with the rest of us. I am comparing remappable standard controller, modular accessibility controller, and keyboard and large-button switch setup, but I do not want to choose from labels alone. Explain the decision-relevant effects of input remapping, switch interfaces, reach envelopes, actuation force, and simultaneous controls in this case. Apply that explanation to these requirements: operable primarily with one hand, support common game inputs, adjustable without soldering, and shareable across several games. Compare where each option benefits or runs into a limit, and choose the input architecture that permits meaningful participation with room to adapt. Keep the mechanism tied to the decision rather than turning the answer into a general technical overview."
dra_paper_qc_0045,consumer_technology,gaming_consoles,Gaming and consoles,local_party_games,evidence_reconciliation,source_probed_query_candidate,116,"I host casual game nights for six adults who do not want to learn complicated controls. I need a decision among console with motion controllers, party-game controllers using phones, and mini computer with wireless gamepads, yet traditional consoles offer polished games while hosts report controller cost and pairing as barriers for larger groups. Investigate why the claims diverge, including differences in product version, population, usage, measurement, and evidence attribution where relevant. After resolving what can be resolved, evaluate the choices against these requirements: six-player participation, ten-minute setup, easy spectator rotation, and maximum $500. Then select the platform arrangement that gets six casual players involved fastest. If the conflict remains bounded, state exactly what is still unknown."
dra_paper_qc_0046,consumer_technology,gaming_consoles,Gaming and consoles,console_storage_expansion,constraint_match_and_select,source_probed_query_candidate,105,"Our household shares a console, and installed games no longer fit on its internal storage. The realistic choices seem to be approved internal expansion drive, external solid-state drive, and external hard drive, and I keep finding advice aimed at very different users. My hard requirements are store at least two terabytes, avoid repeated downloads, simple use by children, and maximum $250. Work out which choices genuinely remain after those requirements are applied, show what each surviving choice gives up, and choose the expansion strategy that minimizes household waiting and management. I would rather hear that a requirement is incompatible than get a generic best-of list."
dra_paper_qc_0047,consumer_technology,gaming_consoles,Gaming and consoles,quiet_night_gaming,mechanism_to_case_application,source_probed_query_candidate,118,"I game after midnight in a shared apartment and need useful positional audio without waking anyone. Product descriptions make closed-back wired headset, wireless gaming headset, and open-back headphones with separate microphone sound easy to compare, but the result seems to depend on stereo localization, virtual surround processing, acoustic leakage, microphone monitoring, and wireless latency. Explain that mechanism in enough depth to evaluate the options against these requirements: low sound leakage, clear teammate speech, accurate directional cues, and comfortable for three hours. Use it to distinguish a real advantage from a specification that may not matter here, and select the quiet-night audio system that prioritizes localization and communication. I am looking for a scenario-specific conclusion, not a universal ranking."
dra_paper_qc_0048,consumer_technology,gaming_consoles,Gaming and consoles,travel_game_library,evidence_reconciliation,source_probed_query_candidate,125,"I spend several weeks each year away from reliable internet and want access to games I already own. Advice about handheld with downloaded games, laptop with offline game library, and cloud-gaming handheld is pulling me in opposite directions. Cloud devices advertise vast libraries while travelers report login checks and unusable service away from stable networks. Please determine whether this is a true contradiction or a scope difference, and explain which evidence should carry weight for my case. Use these requirements as the boundary of the decision: work without network access, carry in hand luggage, retain saved progress, and charge from common USB power. Then choose the device class whose ownership and offline behavior match extended travel. Do not average incompatible claims into a false consensus."
dra_paper_qc_0049,creative_technology,cameras_photo_video,"Cameras, photography, and video",indoor_sports_parent,constraint_match_and_select,source_probed_query_candidate,100,"My phone photos of indoor youth sports are blurred, and I have about $900 for an upgrade. I am choosing among new mirrorless kit, used DSLR with fast lens, and new phone with computational camera. The decision has to satisfy freeze motion indoors, simple enough for another parent, manageable weight, and stay within budget. Please compare the options as complete routes rather than as isolated specifications, explain the trade-offs that matter in this situation, and choose the setup most likely to produce consistent indoor action photos. If none satisfies everything, identify the least damaging compromise instead of forcing a winner."
dra_paper_qc_0050,creative_technology,cameras_photo_video,"Cameras, photography, and video",travel_lenses,mechanism_to_case_application,source_probed_query_candidate,117,"I own an entry camera and need one lens for a month of city travel and hiking. I need to decide among small prime lens, general-purpose zoom, and superzoom travel lens while meeting under 600 grams, street and landscape coverage, some low-light ability, and maximum $700. Please start from the underlying issue of focal length, aperture, optical stabilization, distortion, and depth of field and show how it plays out in the specific use case: what it improves, what it cannot solve, and what new trade-off it creates. Then compare the options on that basis and pick the lens strategy that best fits one-bag travel, with a conditional answer if the evidence supports more than one sensible route."
dra_paper_qc_0051,creative_technology,cameras_photo_video,"Cameras, photography, and video",family_video,evidence_reconciliation,source_probed_query_candidate,107,"I want smoother family and cycling videos without learning a professional editing workflow. I am trying to choose among phone on a gimbal, action camera, and small mirrorless camera, but the evidence appears to disagree: spec sheets emphasize resolution while users report overheating, crop, battery, and setup friction. Reconcile the disagreement by checking whether the sources concern different users, conditions, measurements, time periods, or meanings. Then apply the result under these requirements: stable walking footage, weather resistance, good indoor clips, and fast sharing. Finally, recommend the capture system whose stabilization and workflow match casual use. Preserve uncertainty where the available evidence does not support one general conclusion."
dra_paper_qc_0052,creative_technology,cameras_photo_video,"Cameras, photography, and video",home_portraits,constraint_match_and_select,source_probed_query_candidate,106,"I am setting up a tiny corner for portraits and product photos in an apartment. I can see plausible arguments for speedlight bounced from the ceiling, continuous LED panel, and ring light, which is why simple ratings are not helping. I need limited floor space, natural skin texture, usable for objects and people, and maximum $350. Build the comparison around those needs. Compare the ownership and usability trade-offs where they affect the decision, then choose a lighting path and explain which compromises the small room imposes. If the answer depends on a condition I have not considered, make that condition explicit rather than assuming it away."
dra_paper_qc_0053,creative_technology,cameras_photo_video,"Cameras, photography, and video",hiking_tripod,mechanism_to_case_application,source_probed_query_candidate,123,"I photograph landscapes on day hikes and want sharper dusk images without carrying a heavy studio tripod. The options are compact travel tripod, lightweight monopod, and mini tripod with natural supports, and the technical explanations I encounter keep mentioning torsional stiffness, center-column leverage, damping, leg geometry, and shutter vibration. I need to understand which parts of that mechanism are actually decision-relevant. My requirements are under 1.5 kilograms, support a medium camera and lens, stable in moderate wind, and fit inside a hiking pack. Trace the practical consequences for each option, including any condition that reverses the comparison, and choose the support system that offers useful stability for the weight carried. Do not assume the most advanced-sounding design is automatically the best fit."
dra_paper_qc_0054,creative_technology,cameras_photo_video,"Cameras, photography, and video",commuter_camera_bag,evidence_reconciliation,source_probed_query_candidate,123,"I carry a camera, one lens, lunch, and a laptop on public transit and need quick access without advertising expensive gear. Simple ratings are not enough for camera backpack, messenger camera bag, and ordinary backpack with padded insert because dedicated bags score well for organization while commuters report conspicuous styling and uncomfortable loaded weight. Separate claims that can coexist under different conditions from claims that genuinely cannot both be right. Then use these requirements to decide which evidence applies to me: protect against bumps and rain, fit under a seat, discreet appearance, and balanced one-hour carry. Finally, select the carrying system that protects equipment without undermining an ordinary commute. I want an explanation of the exclusions and remaining uncertainty, not a popularity vote."
dra_paper_qc_0055,creative_technology,cameras_photo_video,"Cameras, photography, and video",outdoor_video_sound,constraint_match_and_select,source_probed_query_candidate,100,"I make short interview videos outdoors and my built-in camera microphone captures more wind than speech. Before I spend money, I need a decision among on-camera shotgun microphone, wired lavalier microphone, and portable audio recorder. Please treat intelligible single-person speech, reduce wind noise, setup by one operator, and maximum $350 as real constraints, not preferences that can quietly disappear. Compare how the options behave in the stated use case, separate meaningful differences from marketing language, and choose the recording path that produces dependable speech with a solo camera operator. Explain why the excluded options fail or require a specific compromise."
dra_paper_qc_0056,creative_technology,cameras_photo_video,"Cameras, photography, and video",home_photo_printing,mechanism_to_case_application,source_probed_query_candidate,127,"I want durable family prints and occasional greeting cards, but I may go several weeks without printing. I am comparing dye inkjet photo printer, pigment inkjet printer, and online photo printing service, but I do not want to choose from labels alone. Explain the decision-relevant effects of dye and pigment colorants, paper coatings, nozzle drying, color management, and lightfastness in this case. Apply that explanation to these requirements: credible skin tones, resist fading in albums, low waste during idle periods, and fifty prints per month or fewer. Compare where each option benefits or runs into a limit, and choose the print workflow whose quality and maintenance fit low-volume family use. Keep the mechanism tied to the decision rather than turning the answer into a general technical overview."
dra_paper_qc_0057,creative_technology,cameras_photo_video,"Cameras, photography, and video",reliable_memory_cards,evidence_reconciliation,source_probed_query_candidate,124,"I film long school performances and cannot repeat a take if a memory card slows down or fails. I need a decision among one large high-speed card, several smaller high-speed cards, and camera with dual-card recording, yet large cards reduce swapping while videographers disagree about whether fewer handling events or smaller failure domains are safer. Investigate why the claims diverge, including differences in product version, population, usage, measurement, and evidence attribution where relevant. After resolving what can be resolved, evaluate the choices against these requirements: sustain the camera's video rate, limit loss from one failure, simple file organization, and maximum $300. Then select the recording strategy that best contains an unrecoverable card problem. If the conflict remains bounded, state exactly what is still unknown."
dra_paper_qc_0058,creative_technology,cameras_photo_video,"Cameras, photography, and video",water_reflection_filter,constraint_match_and_select,source_probed_query_candidate,112,"I photograph lakes and shop windows on hikes and want to control reflections without slowing every shot. The realistic choices seem to be circular polarizing filter, clip-on filter system, and software correction with no filter, and I keep finding advice aimed at very different users. My hard requirements are reduce glare from nonmetallic surfaces, preserve sharpness, work with two lens sizes, and quick removal in low light. Work out which choices genuinely remain after those requirements are applied, show what each surviving choice gives up, and choose the filter workflow that adds useful control without becoming cumbersome. I would rather hear that a requirement is incompatible than get a generic best-of list."
dra_paper_qc_0059,creative_technology,cameras_photo_video,"Cameras, photography, and video",small_object_macro,mechanism_to_case_application,source_probed_query_candidate,122,"I photograph handmade jewelry for an online catalog and need close detail without buying a full studio system. Product descriptions make dedicated macro lens, extension tubes with existing lens, and close-up filter lens sound easy to compare, but the result seems to depend on magnification ratio, minimum focus distance, effective aperture, optical aberration, and depth of field. Explain that mechanism in enough depth to evaluate the options against these requirements: fill the frame with small objects, retain edge detail, allow controlled working distance, and maximum $500. Use it to distinguish a real advantage from a specification that may not matter here, and choose the close-focus method that produces repeatable catalog images. I am looking for a scenario-specific conclusion, not a universal ranking."
dra_paper_qc_0060,creative_technology,cameras_photo_video,"Cameras, photography, and video",family_archive_digitizing,evidence_reconciliation,source_probed_query_candidate,123,"I have boxes of family prints and film negatives and want a manageable way to create an organized digital archive. Advice about flatbed photo scanner, camera copy stand, and mail-in scanning service is pulling me in opposite directions. High resolution numbers dominate scanner listings while archivists emphasize handling time, focus, and metadata consistency. Please determine whether this is a true contradiction or a scope difference, and explain which evidence should carry weight for my case. Use these requirements as the boundary of the decision: handle prints and negatives, preserve useful detail, organize thousands of items, and avoid damaging originals. Then choose the digitization workflow most likely to finish the whole archive at acceptable quality. Do not average incompatible claims into a false consensus."
dra_paper_qc_0061,home_and_work,home_office,Home office and ergonomics,tall_remote_worker,constraint_match_and_select,source_probed_query_candidate,108,"I am 6 feet 5 inches tall, work from home all day, and keep developing thigh and shoulder pressure. I am choosing among budget mesh chair, adjustable task chair, and used premium office chair. The decision has to satisfy seat depth for long legs, armrests low enough for the desk, support for 260 pounds, and maximum $700. Please compare the options as complete routes rather than as isolated specifications, explain the trade-offs that matter in this situation, and choose the buying route most likely to fit rather than relying on a generic ergonomic label. If none satisfies everything, identify the least damaging compromise instead of forcing a winner."
dra_paper_qc_0062,home_and_work,home_office,Home office and ergonomics,sit_stand_decision,mechanism_to_case_application,source_probed_query_candidate,126,"My employer will reimburse $500 for a desk, and coworkers disagree about whether standing helps. I need to decide among fixed sitting desk plus movement breaks, manual sit-stand converter, and electric standing desk while meeting stable typing surface, space for two monitors, reduce afternoon stiffness, and avoid an unused novelty. Please start from the underlying issue of static posture, movement frequency, desk height, and fatigue while standing and show how it plays out in the specific use case: what it improves, what it cannot solve, and what new trade-off it creates. Then compare the options on that basis and recommend how to spend the allowance and how the desk should actually be used, with a conditional answer if the evidence supports more than one sensible route."
dra_paper_qc_0063,home_and_work,home_office,Home office and ergonomics,wrist_pain_input,evidence_reconciliation,source_probed_query_candidate,119,"Long writing and spreadsheet sessions leave my wrist and thumb sore. I am trying to choose among split ergonomic keyboard and vertical mouse, compact keyboard and trackball, and standard keyboard plus wrist support, but the evidence appears to disagree: owners report major relief from different devices even though controlled explanations stress fit and adaptation. Reconcile the disagreement by checking whether the sources concern different users, conditions, measurements, time periods, or meanings. Then apply the result under these requirements: retain shortcuts and number entry, learnable within two weeks, quiet for calls, and maximum $300. Finally, choose the most defensible trial path and what signs should trigger a change. Preserve uncertainty where the available evidence does not support one general conclusion."
dra_paper_qc_0064,home_and_work,home_office,Home office and ergonomics,paper_light_office,constraint_match_and_select,source_probed_query_candidate,105,"I scan receipts and contracts every week but print only occasionally. I can see plausible arguments for color inkjet all-in-one, monochrome laser plus phone scanning, and document scanner with print shop use, which is why simple ratings are not helping. I need legible archival scans, low idle cost, compact footprint, and reliable after weeks unused. Build the comparison around those needs. Compare the ownership and usability trade-offs where they affect the decision, then select the setup with the lowest realistic friction for a paper-light office. If the answer depends on a condition I have not considered, make that condition explicit rather than assuming it away."
dra_paper_qc_0065,home_and_work,home_office,Home office and ergonomics,evening_desk_lighting,mechanism_to_case_application,source_probed_query_candidate,124,"I read paper documents and use a monitor after sunset, and the single ceiling light causes glare and eye fatigue. The options are adjustable desk lamp, monitor light bar, and indirect floor lamp, and the technical explanations I encounter keep mentioning illuminance, luminance contrast, glare geometry, color rendering, and light adaptation. I need to understand which parts of that mechanism are actually decision-relevant. My requirements are even illumination for paper, no reflection on the monitor, adjustable brightness, and fit a shallow desk. Trace the practical consequences for each option, including any condition that reverses the comparison, and choose the lighting arrangement that supports both screen and paper tasks in the actual room. Do not assume the most advanced-sounding design is automatically the best fit."
dra_paper_qc_0066,home_and_work,home_office,Home office and ergonomics,video_call_background,evidence_reconciliation,source_probed_query_candidate,121,"I lead client calls from a multipurpose room and need a professional image without permanently rearranging the space. Simple ratings are not enough for folding physical backdrop, portable room divider, and software background with improved lighting because software backgrounds look effortless while callers report artifacts around hair, glasses, and moving hands. Separate claims that can coexist under different conditions from claims that genuinely cannot both be right. Then use these requirements to decide which evidence applies to me: set up in five minutes, hide household clutter, avoid distracting image edges, and store in a closet. Finally, select the least intrusive setup that remains credible during active conversation. I want an explanation of the exclusions and remaining uncertainty, not a popularity vote."
dra_paper_qc_0067,home_and_work,home_office,Home office and ergonomics,standing_desk_floor_support,constraint_match_and_select,source_probed_query_candidate,104,"I alternate between sitting and standing on a hard floor and notice foot fatigue before the end of each standing period. Before I spend money, I need a decision among flat anti-fatigue mat, contoured movement mat, and supportive indoor shoes. Please treat comfortable for thirty-minute intervals, easy chair movement, safe edges, and simple cleaning as real constraints, not preferences that can quietly disappear. Compare how the options behave in the stated use case, separate meaningful differences from marketing language, and choose the support method that encourages position changes without creating a new obstacle. Explain why the excluded options fail or require a specific compromise."
dra_paper_qc_0068,home_and_work,home_office,Home office and ergonomics,echoing_call_room,mechanism_to_case_application,source_probed_query_candidate,119,"My spare-room office has bare walls, and colleagues hear an echo even with a reasonable microphone. I am comparing wall-mounted acoustic panels, heavy curtains and soft furnishings, and portable microphone isolation shield, but I do not want to choose from labels alone. Explain the decision-relevant effects of reverberation time, absorption coefficient, reflection paths, treated area, and microphone distance in this case. Apply that explanation to these requirements: improve spoken-word clarity, renter-friendly installation, treat an entire work position, and maximum $400. Compare where each option benefits or runs into a limit, and choose the treatment that meaningfully reduces room reflections without permanent construction. Keep the mechanism tied to the decision rather than turning the answer into a general technical overview."
dra_paper_qc_0069,home_and_work,home_office,Home office and ergonomics,secure_paper_disposal,evidence_reconciliation,source_probed_query_candidate,122,"A home business produces receipts and client forms that should not go intact into household recycling. I need a decision among strip-cut paper shredder, cross-cut paper shredder, and locked collection box with shredding service, yet sheet-capacity claims favor home shredders while long-term users report overheating, jams, and poor handling of staples. Investigate why the claims diverge, including differences in product version, population, usage, measurement, and evidence attribution where relevant. After resolving what can be resolved, evaluate the choices against these requirements: handle twenty sheets per week, make reconstruction impractical, avoid frequent jams, and fit beneath a desk. Then select the disposal route whose security and maintenance match the modest paper volume. If the conflict remains bounded, state exactly what is still unknown."
dra_paper_qc_0070,home_and_work,home_office,Home office and ergonomics,desk_power_management,constraint_match_and_select,source_probed_query_candidate,113,"My desk powers a computer, monitors, lamp, and chargers, and loose adapters occupy every wall outlet. The realistic choices seem to be surge-protected power strip, under-desk power distribution unit, and desktop charging hub plus separate surge protector, and I keep finding advice aimed at very different users. My hard requirements are support eight low-power devices, protect computer equipment, keep cables off the floor, and allow individual adapter spacing. Work out which choices genuinely remain after those requirements are applied, show what each surviving choice gives up, and choose a power layout that is electrically appropriate and physically maintainable. I would rather hear that a requirement is incompatible than get a generic best-of list."
dra_paper_qc_0071,home_and_work,home_office,Home office and ergonomics,small_office_whiteboard,mechanism_to_case_application,source_probed_query_candidate,127,"I plan projects visually but cannot dedicate a wall to a permanent board in the guest-room office. Product descriptions make mobile double-sided whiteboard, removable wall whiteboard film, and large reusable desktop planning pad sound easy to compare, but the result seems to depend on surface porosity, marker solvent adhesion, film flatness, viewing distance, and rolling stability. Explain that mechanism in enough depth to evaluate the options against these requirements: show a weekly project at a glance, erase without ghosting, store or hide for guests, and maximum $250. Use it to distinguish a real advantage from a specification that may not matter here, and select the planning surface most likely to remain usable in a convertible room. I am looking for a scenario-specific conclusion, not a universal ranking."
dra_paper_qc_0072,home_and_work,home_office,Home office and ergonomics,shared_room_privacy,evidence_reconciliation,source_probed_query_candidate,121,"Two people work in the same room and occasionally handle calls that the other person should not easily overhear. Advice about portable acoustic divider, directional headset microphones with scheduling, and compact privacy booth is pulling me in opposite directions. Dividers are sold as privacy solutions while acoustics users note that partial barriers rarely block low-frequency speech. Please determine whether this is a true contradiction or a scope difference, and explain which evidence should carry weight for my case. Use these requirements as the boundary of the decision: reduce speech distraction, preserve ventilation, avoid permanent remodeling, and maximum $1200. Then choose the realistic combination of equipment and work practice for occasional confidential calls. Do not average incompatible claims into a false consensus."
dra_paper_qc_0073,home_and_food,kitchen_cookware,"Kitchen, cookware, and food storage",first_cookware,constraint_match_and_select,source_probed_query_candidate,101,"I cook most nights on an induction stove and want to replace a failing nonstick set. I am choosing among stainless-steel set, cast-iron pieces plus one saucepan, and new coated nonstick set. The decision has to satisfy induction compatible, easy weekday cleanup, sear and simmer well, and last at least five years. Please compare the options as complete routes rather than as isolated specifications, explain the trade-offs that matter in this situation, and choose the cookware mix that best fits everyday cooking rather than a matching-box set. If none satisfies everything, identify the least damaging compromise instead of forcing a winner."
dra_paper_qc_0074,home_and_food,kitchen_cookware,"Kitchen, cookware, and food storage",one_good_knife,mechanism_to_case_application,source_probed_query_candidate,114,"I want one dependable kitchen knife instead of another large block set. I need to decide among Western chef's knife, Japanese-style gyuto, and santoku while meeting vegetables and boneless meat, comfortable for medium hands, home sharpening, and maximum $180. Please start from the underlying issue of blade geometry, steel hardness, toughness, edge angle, and corrosion resistance and show how it plays out in the specific use case: what it improves, what it cannot solve, and what new trade-off it creates. Then compare the options on that basis and select the knife style most likely to remain useful after the first month, with a conditional answer if the evidence supports more than one sensible route."
dra_paper_qc_0075,home_and_food,kitchen_cookware,"Kitchen, cookware, and food storage",weeknight_appliance,evidence_reconciliation,source_probed_query_candidate,113,"I need an appliance that makes weeknight meals easier without taking over the counter. I am trying to choose among electric pressure cooker, slow cooker, and air fryer, but the evidence appears to disagree: owners describe each appliance as transformative even though their best foods and time savings differ. Reconcile the disagreement by checking whether the sources concern different users, conditions, measurements, time periods, or meanings. Then apply the result under these requirements: feed three people, mostly beans vegetables and chicken, under one hour on workdays, and easy cleanup. Finally, choose the appliance whose mechanism actually matches the meals we cook. Preserve uncertainty where the available evidence does not support one general conclusion."
dra_paper_qc_0076,home_and_food,kitchen_cookware,"Kitchen, cookware, and food storage",meal_prep_storage,constraint_match_and_select,source_probed_query_candidate,106,"I batch-cook lunches for five days and keep finding leaks, stains, or stale food. I can see plausible arguments for glass containers, reusable plastic containers, and vacuum-sealed bags and boxes, which is why simple ratings are not helping. I need microwave reheating, commute without leaks, stack in a small fridge, and reasonable replacement cost. Build the comparison around those needs. Compare the ownership and usability trade-offs where they affect the decision, then recommend a storage system and explain where mixing formats is smarter than choosing one. If the answer depends on a condition I have not considered, make that condition explicit rather than assuming it away."
dra_paper_qc_0077,home_and_food,kitchen_cookware,"Kitchen, cookware, and food storage",cutting_board_system,mechanism_to_case_application,source_probed_query_candidate,120,"I prepare vegetables and raw meat in a small kitchen and want boards that are sanitary without ruining knife edges. The options are end-grain wooden board, dishwasher-safe plastic boards, and compressed composite board, and the technical explanations I encounter keep mentioning surface porosity, moisture absorption, microbial transfer, knife-edge contact, and thermal cycling. I need to understand which parts of that mechanism are actually decision-relevant. My requirements are separate raw meat preparation, gentle on knife edges, fit a small sink, and resist warping. Trace the practical consequences for each option, including any condition that reverses the comparison, and choose a board system that reconciles sanitation, storage, and edge care. Do not assume the most advanced-sounding design is automatically the best fit."
dra_paper_qc_0078,home_and_food,kitchen_cookware,"Kitchen, cookware, and food storage",soup_sauce_blending,evidence_reconciliation,source_probed_query_candidate,114,"I make soups, sauces, and occasional nut spreads but have little counter space for appliances. Simple ratings are not enough for immersion blender, countertop blender, and compact food processor because power ratings favor countertop machines while home cooks report transfer hazards, dead zones, and difficult cleaning. Separate claims that can coexist under different conditions from claims that genuinely cannot both be right. Then use these requirements to decide which evidence applies to me: puree hot soup safely, handle thick mixtures, fit one cabinet shelf, and easy blade cleaning. Finally, select the appliance whose mechanics match the foods made most often. I want an explanation of the exclusions and remaining uncertainty, not a popularity vote."
dra_paper_qc_0079,home_and_food,kitchen_cookware,"Kitchen, cookware, and food storage",roast_temperature_control,constraint_match_and_select,source_probed_query_candidate,99,"I cook large roasts only a few times a month and want reliable doneness without repeatedly opening the oven. Before I spend money, I need a decision among instant-read thermometer, wired leave-in probe, and wireless multi-sensor thermometer. Please treat accurate internal temperature, usable in a hot oven, simple alarm, and maximum $160 as real constraints, not preferences that can quietly disappear. Compare how the options behave in the stated use case, separate meaningful differences from marketing language, and choose the temperature tool that improves repeatability without unnecessary complexity. Explain why the excluded options fail or require a specific compromise."
dra_paper_qc_0080,home_and_food,kitchen_cookware,"Kitchen, cookware, and food storage",bread_baking_vessel,mechanism_to_case_application,source_probed_query_candidate,130,"I bake one loaf each weekend in a standard home oven and want better crust without handling an excessively heavy pot. I am comparing enameled cast-iron oven, lightweight covered bread baker, and baking steel with steam tray, but I do not want to choose from labels alone. Explain the decision-relevant effects of thermal mass, radiant heat, steam retention, surface emissivity, and preheating in this case. Apply that explanation to these requirements: retain steam during early baking, safe handling at high heat, fit a medium oven, and useful beyond bread. Compare where each option benefits or runs into a limit, and select the baking setup that produces useful steam and heat with manageable handling. Keep the mechanism tied to the decision rather than turning the answer into a general technical overview."
dra_paper_qc_0081,home_and_food,kitchen_cookware,"Kitchen, cookware, and food storage",nonreactive_utensils,evidence_reconciliation,source_probed_query_candidate,124,"I use both coated pans and stainless cookware and want a small set of utensils that will not scratch or absorb strong odors. I need a decision among silicone utensils, wooden utensils, and stainless-steel utensils, yet silicone is marketed as universally safe while cooks report odors, flexible edges, and hidden seams that trap food. Investigate why the claims diverge, including differences in product version, population, usage, measurement, and evidence attribution where relevant. After resolving what can be resolved, evaluate the choices against these requirements: safe on coated pans, resist high cooking heat, avoid persistent odors, and clean with minimal upkeep. Then choose a mixed or single-material utensil strategy based on actual material limitations. If the conflict remains bounded, state exactly what is still unknown."
dra_paper_qc_0082,home_and_food,kitchen_cookware,"Kitchen, cookware, and food storage",rental_water_filtration,constraint_match_and_select,source_probed_query_candidate,104,"The tap water in my rental tastes strongly of disinfectant, but I cannot modify the plumbing. The realistic choices seem to be filter pitcher, faucet-mounted filter, and countertop gravity filter, and I keep finding advice aimed at very different users. My hard requirements are improve taste and odor, serve two adults, documented contaminant claims, and low replacement effort. Work out which choices genuinely remain after those requirements are applied, show what each surviving choice gives up, and choose the renter-friendly system whose verified treatment and maintenance fit daily use. I would rather hear that a requirement is incompatible than get a generic best-of list."
dra_paper_qc_0083,home_and_food,kitchen_cookware,"Kitchen, cookware, and food storage",small_kitchen_drying,mechanism_to_case_application,source_probed_query_candidate,114,"Hand-washed cookware occupies most of my limited counter and stays damp in a poorly ventilated kitchen. Product descriptions make over-sink drying rack, folding countertop rack, and absorbent drying mat sound easy to compare, but the result seems to depend on evaporation, airflow, load distribution, capillary absorption, and microbial moisture retention. Explain that mechanism in enough depth to evaluate the options against these requirements: hold heavy pans, allow airflow, clear away after use, and avoid water pooling. Use it to distinguish a real advantage from a specification that may not matter here, and select the drying system that clears counter space without trapping moisture. I am looking for a scenario-specific conclusion, not a universal ranking."
dra_paper_qc_0084,home_and_food,kitchen_cookware,"Kitchen, cookware, and food storage",extra_induction_burner,evidence_reconciliation,source_probed_query_candidate,127,"During family gatherings I need one extra cooking zone, but storage space is limited for the rest of the year. Advice about portable induction cooktop, portable electric coil burner, and butane tabletop stove is pulling me in opposite directions. Induction promises efficiency while users report cycling at low power and incompatible pans; flame units add ventilation concerns. Please determine whether this is a true contradiction or a scope difference, and explain which evidence should carry weight for my case. Use these requirements as the boundary of the decision: safe indoor use, simmer and boil reliably, store in a narrow cabinet, and work for several hours. Then choose the occasional-use burner with the safest and most controllable indoor tradeoff. Do not average incompatible claims into a false consensus."
dra_paper_qc_0085,home_and_food,coffee_tea,"Coffee, tea, and beverages",beginner_brewing,constraint_match_and_select,source_probed_query_candidate,92,"I am leaving instant coffee behind but do not want a hobby that consumes every morning. I am choosing among pour-over dripper, French press, and entry espresso machine. The decision has to satisfy maximum $300 including essentials, repeatable before work, two cups at a time, and easy cleanup. Please compare the options as complete routes rather than as isolated specifications, explain the trade-offs that matter in this situation, and choose the brewing path most forgiving for a beginner. If none satisfies everything, identify the least damaging compromise instead of forcing a winner."
dra_paper_qc_0086,home_and_food,coffee_tea,"Coffee, tea, and beverages",grinder_upgrade,mechanism_to_case_application,source_probed_query_candidate,118,"My coffee tastes inconsistent even when I use the same beans and recipe. I need to decide among blade grinder, entry electric burr grinder, and manual burr grinder while meeting consistent enough for pour-over, quiet in an apartment, under $180, and finish two doses quickly. Please start from the underlying issue of particle-size distribution, fines, heat, retention, and burr alignment and show how it plays out in the specific use case: what it improves, what it cannot solve, and what new trade-off it creates. Then compare the options on that basis and select the grinder type that solves inconsistency without creating a new daily chore, with a conditional answer if the evidence supports more than one sensible route."
dra_paper_qc_0087,home_and_food,coffee_tea,"Coffee, tea, and beverages",tea_and_coffee_kettle,evidence_reconciliation,source_probed_query_candidate,108,"Our household makes delicate tea, black tea, and pour-over coffee from the same kettle. I am trying to choose among basic boiling kettle, variable-temperature kettle, and gooseneck temperature-control kettle, but the evidence appears to disagree: premium kettles promise precision while owners report scale, slow pouring, and failed electronics. Reconcile the disagreement by checking whether the sources concern different users, conditions, measurements, time periods, or meanings. Then apply the result under these requirements: safe automatic shutoff, accurate lower temperatures, comfortable pouring, and maximum $140. Finally, choose the kettle design whose real benefits matter across all three drinks. Preserve uncertainty where the available evidence does not support one general conclusion."
dra_paper_qc_0088,home_and_food,coffee_tea,"Coffee, tea, and beverages",bulk_bean_storage,constraint_match_and_select,source_probed_query_candidate,101,"I live far from good coffee and want to buy several months of beans at once. I can see plausible arguments for airtight pantry canisters, portioning and freezing, and vacuum canisters, which is why simple ratings are not helping. I need preserve aroma, avoid condensation, simple weekly use, and store six kilograms. Build the comparison around those needs. Compare the ownership and usability trade-offs where they affect the decision, then recommend a storage routine grounded in how roasted coffee actually ages. If the answer depends on a condition I have not considered, make that condition explicit rather than assuming it away."
dra_paper_qc_0089,home_and_food,coffee_tea,"Coffee, tea, and beverages",repeatable_coffee_scale,mechanism_to_case_application,source_probed_query_candidate,118,"I alternate between pour-over and espresso and want repeatable recipes without covering the counter in separate measuring tools. The options are compact timer scale, high-capacity kitchen scale, and volumetric measuring tools, and the technical explanations I encounter keep mentioning load-cell resolution, sampling rate, drift, maximum capacity, and water resistance. I need to understand which parts of that mechanism are actually decision-relevant. My requirements are resolve small coffee doses, respond during a pour, fit beneath brewing equipment, and survive occasional splashes. Trace the practical consequences for each option, including any condition that reverses the comparison, and choose the measuring approach that improves repeatability across both brewing methods. Do not assume the most advanced-sounding design is automatically the best fit."
dra_paper_qc_0090,home_and_food,coffee_tea,"Coffee, tea, and beverages",reusable_filter_choice,evidence_reconciliation,source_probed_query_candidate,122,"I make drip coffee daily and want to reduce disposable filters without producing a cup full of sediment. Simple ratings are not enough for fine metal filter, reusable cloth filter, and compostable paper filters because metal filters are promoted as permanent while users report sediment and oils; cloth filters require storage and thorough cleaning. Separate claims that can coexist under different conditions from claims that genuinely cannot both be right. Then use these requirements to decide which evidence applies to me: clear cup with limited sediment, simple daily cleanup, low recurring waste, and consistent flow rate. Finally, select the filter routine whose waste and cup-quality compromise is sustainable. I want an explanation of the exclusions and remaining uncertainty, not a popularity vote."
dra_paper_qc_0091,home_and_food,coffee_tea,"Coffee, tea, and beverages",commuter_travel_mug,constraint_match_and_select,source_probed_query_candidate,104,"I carry coffee on a crowded bus and often cannot wash the mug until evening. Before I spend money, I need a decision among vacuum-insulated tumbler, locking travel mug, and insulated bottle with cup lid. Please treat no leaks in a backpack, drinkable temperature after two hours, easy lid cleaning, and comfortable one-handed use as real constraints, not preferences that can quietly disappear. Compare how the options behave in the stated use case, separate meaningful differences from marketing language, and choose the vessel whose sealing and cleanability matter most for a bus commute. Explain why the excluded options fail or require a specific compromise."
dra_paper_qc_0092,home_and_food,coffee_tea,"Coffee, tea, and beverages",brewing_water_quality,mechanism_to_case_application,source_probed_query_candidate,124,"My coffee tastes flat at home even with fresh beans, and the local tap water is very hard. I am comparing carbon filter pitcher, bottled low-mineral water, and reverse-osmosis water with mineral addition, but I do not want to choose from labels alone. Explain the decision-relevant effects of water hardness, alkalinity, extraction chemistry, dissolved minerals, and scale precipitation in this case. Apply that explanation to these requirements: repeatable mineral content, avoid rapid kettle scale, reasonable daily cost, and useful for tea as well. Compare where each option benefits or runs into a limit, and choose a practical water strategy that improves flavor without creating a laboratory routine. Keep the mechanism tied to the decision rather than turning the answer into a general technical overview."
dra_paper_qc_0093,home_and_food,coffee_tea,"Coffee, tea, and beverages",summer_cold_brew,evidence_reconciliation,source_probed_query_candidate,120,"I want several servings of cold coffee ready for hot weekdays without occupying much refrigerator space. I need a decision among immersion cold-brew pitcher, concentrate jar with filter bag, and hot-brewed coffee chilled rapidly, yet long steeping is equated with smoothness while brewers disagree about stale flavors, concentrate ratios, and cleaning fine filters. Investigate why the claims diverge, including differences in product version, population, usage, measurement, and evidence attribution where relevant. After resolving what can be resolved, evaluate the choices against these requirements: prepare four servings, fit a crowded refrigerator door, limit sediment, and easy weekly sanitation. Then choose the preparation method that balances space, flavor, and safe routine. If the conflict remains bounded, state exactly what is still unknown."
dra_paper_qc_0094,home_and_food,coffee_tea,"Coffee, tea, and beverages",milk_texture_at_home,constraint_match_and_select,source_probed_query_candidate,108,"I make milk-based coffee for two people but do not want to maintain a full espresso steam system. The realistic choices seem to be handheld whisk frother, automatic heated frother, and manual plunger frother, and I keep finding advice aimed at very different users. My hard requirements are fine stable foam, work with dairy and oat drinks, prepare two servings, and easy cleanup. Work out which choices genuinely remain after those requirements are applied, show what each surviving choice gives up, and select the frothing mechanism most likely to be used every morning. I would rather hear that a requirement is incompatible than get a generic best-of list."
dra_paper_qc_0095,home_and_food,coffee_tea,"Coffee, tea, and beverages",loose_leaf_at_work,mechanism_to_case_application,source_probed_query_candidate,123,"I brew loose-leaf tea at a shared office sink and need a method that does not leave wet leaves across the counter. Product descriptions make basket infuser mug, tea press, and disposable fillable tea bags sound easy to compare, but the result seems to depend on leaf expansion, water circulation, diffusion, mesh size, and extraction time. Explain that mechanism in enough depth to evaluate the options against these requirements: allow leaves to expand, stop steeping cleanly, minimal sink cleanup, and fit one desk drawer. Use it to distinguish a real advantage from a specification that may not matter here, and choose the office brewing tool that controls steeping without burdening shared facilities. I am looking for a scenario-specific conclusion, not a universal ranking."
dra_paper_qc_0096,home_and_food,coffee_tea,"Coffee, tea, and beverages",decaf_evening_routine,evidence_reconciliation,source_probed_query_candidate,122,"I enjoy coffee after dinner but want substantially less caffeine without giving up a familiar brewed cup. Advice about water-processed decaffeinated beans, carbon-dioxide-processed decaffeinated beans, and half-caffeine blend is pulling me in opposite directions. Process labels imply clear quality differences while drinkers report freshness and roast level often dominate perceived flavor. Please determine whether this is a true contradiction or a scope difference, and explain which evidence should carry weight for my case. Use these requirements as the boundary of the decision: meaningfully lower caffeine, retain roasted aroma, available as whole beans, and work in the same brewer. Then choose the approach that makes evening coffee practical while stating the remaining caffeine tradeoff. Do not average incompatible claims into a false consensus."
dra_paper_qc_0097,home_and_food,snacks_nutrition,"Snacks, nutrition, and pantry choices",work_snack_drawer,constraint_match_and_select,source_probed_query_candidate,93,"I need shelf-stable snacks for a shared office drawer without turning it into a candy bin. I am choosing among protein bars, single-serve nuts, and dark chocolate portions. The decision has to satisfy no refrigeration, reasonable protein or satiety, mixed dietary preferences, and under $1.75 per serving. Please compare the options as complete routes rather than as isolated specifications, explain the trade-offs that matter in this situation, and choose a balanced mix rather than one supposedly perfect snack. If none satisfies everything, identify the least damaging compromise instead of forcing a winner."
dra_paper_qc_0098,home_and_food,snacks_nutrition,"Snacks, nutrition, and pantry choices",lower_sugar_sweets,mechanism_to_case_application,source_probed_query_candidate,121,"A family member needs to reduce sugar but still wants an occasional sweet care package. I need to decide among sugar-free candy, very dark chocolate, and small portions of regular sweets while meeting clear carbohydrate tradeoffs, avoid severe digestive side effects, gift-worthy taste, and mail safely. Please start from the underlying issue of sugar alcohol absorption, glycemic response, cocoa composition, and portion dose and show how it plays out in the specific use case: what it improves, what it cannot solve, and what new trade-off it creates. Then compare the options on that basis and recommend the most honest compromise and explain what the label does not guarantee, with a conditional answer if the evidence supports more than one sensible route."
dra_paper_qc_0099,home_and_food,snacks_nutrition,"Snacks, nutrition, and pantry choices",plant_based_breakfast,evidence_reconciliation,source_probed_query_candidate,115,"I am replacing dairy at breakfast but do not want to lose protein or pay for mostly water. I am trying to choose among soy milk, oat milk, and almond milk plus separate protein, but the evidence appears to disagree: taste rankings favor oat and almond products while nutrition discussions often favor soy. Reconcile the disagreement by checking whether the sources concern different users, conditions, measurements, time periods, or meanings. Then apply the result under these requirements: fortified calcium and vitamin D, works in cereal and coffee, moderate added sugar, and family budget. Finally, choose the approach that reconciles nutrition, use, and cost. Preserve uncertainty where the available evidence does not support one general conclusion."
dra_paper_qc_0100,home_and_food,snacks_nutrition,"Snacks, nutrition, and pantry choices",storm_pantry,constraint_match_and_select,source_probed_query_candidate,109,"I want a two-week pantry for winter outages using food we will actually rotate and eat. I can see plausible arguments for ready-to-eat canned meals, dry staples with a camp stove, and commercial emergency-food buckets, which is why simple ratings are not helping. I need two adults, limited water during an outage, at least some dietary variety, and five-year rotation plan. Build the comparison around those needs. Compare the ownership and usability trade-offs where they affect the decision, then design the most realistic pantry strategy from the three approaches. If the answer depends on a condition I have not considered, make that condition explicit rather than assuming it away."
dra_paper_qc_0101,home_and_food,snacks_nutrition,"Snacks, nutrition, and pantry choices",day_hike_snacks,mechanism_to_case_application,source_probed_query_candidate,126,"I need food for six-hour day hikes that survives a warm backpack and provides steadier energy than candy. The options are nut and dried-fruit mix, oat-based energy bars, and whole-grain crackers with shelf-stable spread, and the technical explanations I encounter keep mentioning energy density, carbohydrate absorption, fat and protein satiety, water activity, and portioning. I need to understand which parts of that mechanism are actually decision-relevant. My requirements are no refrigeration, compact for two servings, moderate added sugar, and easy to eat while walking. Trace the practical consequences for each option, including any condition that reverses the comparison, and choose a practical snack combination for sustained ordinary hiking rather than a single performance claim. Do not assume the most advanced-sounding design is automatically the best fit."
dra_paper_qc_0102,home_and_food,snacks_nutrition,"Snacks, nutrition, and pantry choices",school_allergen_aware,evidence_reconciliation,source_probed_query_candidate,121,"I pack snacks for a classroom that excludes common nuts, and they must remain recognizable to cautious parents. Simple ratings are not enough for roasted seed snacks, whole-grain snack packs, and dried fruit portions because nut-free front labels provide reassurance while families note that facility statements and ingredient changes require closer reading. Separate claims that can coexist under different conditions from claims that genuinely cannot both be right. Then use these requirements to decide which evidence applies to me: no tree nuts or peanuts, individually portioned, clear ingredient labels, and limited sticky residue. Finally, choose a varied classroom snack plan grounded in transparent labeling and practical handling. I want an explanation of the exclusions and remaining uncertainty, not a popularity vote."
dra_paper_qc_0103,home_and_food,snacks_nutrition,"Snacks, nutrition, and pantry choices",night_shift_vending,constraint_match_and_select,source_probed_query_candidate,112,"I work overnight with only a vending machine and want a shelf-stable backup meal that is not overwhelmingly sweet. Before I spend money, I need a decision among savory protein snack pack, whole-grain bar with nuts, and shelf-stable soup cup. Please treat store in a locker, at least ten grams of protein, moderate sodium and added sugar, and edible during a short break as real constraints, not preferences that can quietly disappear. Compare how the options behave in the stated use case, separate meaningful differences from marketing language, and select a realistic locker option that can replace an occasional missed meal. Explain why the excluded options fail or require a specific compromise."
dra_paper_qc_0104,home_and_food,snacks_nutrition,"Snacks, nutrition, and pantry choices",low_waste_snack_packing,mechanism_to_case_application,source_probed_query_candidate,124,"Our family packs five lunches each weekday and wants to cut disposable wrappers without food becoming stale. I am comparing reusable silicone snack bags, rigid reusable containers, and bulk snacks in paper portions, but I do not want to choose from labels alone. Explain the decision-relevant effects of water-vapor permeability, seal geometry, headspace, material fatigue, and drying after washing in this case. Apply that explanation to these requirements: preserve crisp texture, survive repeated washing, fit small lunch bags, and avoid daily disposable plastic. Compare where each option benefits or runs into a limit, and choose the container mix that reduces waste without increasing spoiled or uneaten food. Keep the mechanism tied to the decision rather than turning the answer into a general technical overview."
dra_paper_qc_0105,home_and_food,snacks_nutrition,"Snacks, nutrition, and pantry choices",vegetarian_travel_protein,evidence_reconciliation,source_probed_query_candidate,130,"I take long train trips and want a vegetarian snack with meaningful protein that does not require refrigeration. I need a decision among roasted legume snacks, nut butter packets with crackers, and plant-protein bars, yet bars advertise precise macros while travelers report dense sweetness, whereas legumes can be messy or high in salt. Investigate why the claims diverge, including differences in product version, population, usage, measurement, and evidence attribution where relevant. After resolving what can be resolved, evaluate the choices against these requirements: at least twelve grams of protein, clean to eat at a seat, stable for several months, and not excessively sweet. Then choose a portable protein strategy that balances composition with the likelihood of actually eating it. If the conflict remains bounded, state exactly what is still unknown."
dra_paper_qc_0106,home_and_food,snacks_nutrition,"Snacks, nutrition, and pantry choices",family_movie_snacks,constraint_match_and_select,source_probed_query_candidate,109,"Our weekly movie night needs a large shared snack, and we want portion control without buying tiny individual packs. The realistic choices seem to be air-popped popcorn, baked whole-grain crackers, and mixed fruit and chocolate bowl, and I keep finding advice aimed at very different users. My hard requirements are serve five people, easy to divide visibly, moderate cost, and minimal preparation. Work out which choices genuinely remain after those requirements are applied, show what each surviving choice gives up, and choose a snack ritual that feels generous while making portions easy to understand. I would rather hear that a requirement is incompatible than get a generic best-of list."
dra_paper_qc_0107,home_and_food,snacks_nutrition,"Snacks, nutrition, and pantry choices",humid_climate_crunch,mechanism_to_case_application,source_probed_query_candidate,121,"Crackers and cereal snacks lose their crunch quickly in my humid kitchen even before the package is empty. Product descriptions make airtight clip-top container, portion-sized barrier bags, and vacuum storage canister sound easy to compare, but the result seems to depend on water activity, moisture sorption, vapor transmission, headspace exchange, and seal integrity. Explain that mechanism in enough depth to evaluate the options against these requirements: preserve crisp texture, open several times per week, store mixed package sizes, and simple visual inventory. Use it to distinguish a real advantage from a specification that may not matter here, and choose the storage method that best controls humidity during ordinary repeated use. I am looking for a scenario-specific conclusion, not a universal ranking."
dra_paper_qc_0108,home_and_food,snacks_nutrition,"Snacks, nutrition, and pantry choices",road_trip_drinks,evidence_reconciliation,source_probed_query_candidate,122,"On long summer drives I want drinks that encourage hydration without turning every bottle into a sweet beverage. Advice about plain water with fruit infusion, low-sugar electrolyte tablets, and ready-to-drink sports beverages is pulling me in opposite directions. Sports drinks imply universal electrolyte needs while ordinary travelers often need palatability more than exercise-level replacement. Please determine whether this is a true contradiction or a scope difference, and explain which evidence should carry weight for my case. Use these requirements as the boundary of the decision: taste acceptable when warm, moderate added sugar, easy portion control, and store for several trips. Then choose a travel drink plan that supports regular drinking without unnecessary sweetness. Do not average incompatible claims into a false consensus."
dra_paper_qc_0109,health_and_activity,fitness_recovery,"Fitness, training, and recovery",small_home_strength,constraint_match_and_select,source_probed_query_candidate,106,"I want to build strength in a small apartment and have $350 instead of a gym membership. I am choosing among adjustable dumbbells and bench, resistance bands and pull-up bar, and bodyweight setup with weighted vest. The decision has to satisfy progress for at least a year, store in one closet, quiet for downstairs neighbors, and safe for a beginner. Please compare the options as complete routes rather than as isolated specifications, explain the trade-offs that matter in this situation, and choose the route most likely to support consistent long-term strength gains. If none satisfies everything, identify the least damaging compromise instead of forcing a winner."
dra_paper_qc_0110,health_and_activity,fitness_recovery,"Fitness, training, and recovery",run_tracking,mechanism_to_case_application,source_probed_query_candidate,123,"I run five days a week and want useful training feedback without charging another device every night. I need to decide among GPS running watch, general fitness tracker, and phone plus chest strap while meeting accurate pace and distance, reliable heart-rate trends, five-day battery, and maximum $350. Please start from the underlying issue of satellite positioning, optical and electrical heart-rate sensing, sampling, and battery tradeoffs and show how it plays out in the specific use case: what it improves, what it cannot solve, and what new trade-off it creates. Then compare the options on that basis and select the tracking setup that provides actionable data rather than the most dashboards, with a conditional answer if the evidence supports more than one sensible route."
dra_paper_qc_0111,health_and_activity,fitness_recovery,"Fitness, training, and recovery",soreness_tool,evidence_reconciliation,source_probed_query_candidate,115,"After strength sessions I get sore, and every recovery product promises faster healing. I am trying to choose among foam roller, percussive massage gun, and mobility routine with no device, but the evidence appears to disagree: users describe immediate relief while scientific explanations are more cautious about actual recovery speed. Reconcile the disagreement by checking whether the sources concern different users, conditions, measurements, time periods, or meanings. Then apply the result under these requirements: twenty minutes or less, safe for home use, target legs and shoulders, and avoid masking injury. Finally, choose a recovery approach and distinguish comfort from evidence of faster repair. Preserve uncertainty where the available evidence does not support one general conclusion."
dra_paper_qc_0112,health_and_activity,fitness_recovery,"Fitness, training, and recovery",quiet_cardio,constraint_match_and_select,source_probed_query_candidate,99,"I need indoor cardio for bad-weather months in an upstairs apartment. I can see plausible arguments for folding exercise bike, compact rowing machine, and jump rope and bodyweight intervals, which is why simple ratings are not helping. I need quiet operation, store against a wall, joint-friendly, and sessions up to forty minutes. Build the comparison around those needs. Compare the ownership and usability trade-offs where they affect the decision, then recommend the most sustainable cardio setup for the space. If the answer depends on a condition I have not considered, make that condition explicit rather than assuming it away."
dra_paper_qc_0113,health_and_activity,fitness_recovery,"Fitness, training, and recovery",shared_yoga_floor,mechanism_to_case_application,source_probed_query_candidate,122,"I practice yoga on a hard apartment floor, but the mat must also work for a partner who sweats heavily. The options are natural rubber yoga mat, closed-cell synthetic mat, and folding exercise mat, and the technical explanations I encounter keep mentioning surface friction, foam density, compression recovery, moisture absorption, and material mass. I need to understand which parts of that mechanism are actually decision-relevant. My requirements are stable grip when damp, cushion knees, easy surface cleaning, and store behind a door. Trace the practical consequences for each option, including any condition that reverses the comparison, and choose the mat construction that supports two different users on a hard floor. Do not assume the most advanced-sounding design is automatically the best fit."
dra_paper_qc_0114,health_and_activity,fitness_recovery,"Fitness, training, and recovery",strength_training_footwear,evidence_reconciliation,source_probed_query_candidate,124,"I lift weights and perform short conditioning sessions in the same small gym and do not want several pairs of shoes. Simple ratings are not enough for flat training shoes, raised-heel lifting shoes, and cushioned running shoes because cushioning is marketed as comfort while lifters describe unstable compression, and rigid lifting shoes limit mixed movement. Separate claims that can coexist under different conditions from claims that genuinely cannot both be right. Then use these requirements to decide which evidence applies to me: stable under loaded squats, usable for short lateral drills, secure heel fit, and maximum $180. Finally, choose the footwear geometry that best matches a mixed but strength-centered session. I want an explanation of the exclusions and remaining uncertainty, not a popularity vote."
dra_paper_qc_0115,health_and_activity,fitness_recovery,"Fitness, training, and recovery",summer_run_hydration,constraint_match_and_select,source_probed_query_candidate,102,"I run for about ninety minutes in warm weather and need water without carrying a bottle in one hand. Before I spend money, I need a decision among hydration belt, light running vest, and handheld soft flask. Please treat carry at least 750 milliliters, minimal bouncing, access while moving, and hold a phone and key as real constraints, not preferences that can quietly disappear. Compare how the options behave in the stated use case, separate meaningful differences from marketing language, and select the carrying geometry most tolerable for repeated warm-weather runs. Explain why the excluded options fail or require a specific compromise."
dra_paper_qc_0116,health_and_activity,fitness_recovery,"Fitness, training, and recovery",doorway_pull_training,mechanism_to_case_application,source_probed_query_candidate,122,"I rent an apartment and want vertical pulling exercises without drilling holes or risking the door frame. I am comparing leverage doorway pull-up bar, telescoping pressure bar, and freestanding pull-up tower, but I do not want to choose from labels alone. Explain the decision-relevant effects of lever moments, friction clamping, frame load paths, dynamic loading, and structural stability in this case. Apply that explanation to these requirements: support 210 pounds, no permanent fasteners, inspectable before each use, and limited floor space. Compare where each option benefits or runs into a limit, and choose the setup whose load path can be verified in the actual apartment. Keep the mechanism tied to the decision rather than turning the answer into a general technical overview."
dra_paper_qc_0117,health_and_activity,fitness_recovery,"Fitness, training, and recovery",early_morning_visibility,evidence_reconciliation,source_probed_query_candidate,122,"I run before sunrise on streets with uneven lighting and want drivers to notice me without carrying a flashlight. I need a decision among reflective running vest, active LED safety vest, and headlamp with reflective bands, yet bright LEDs attract attention while safety discussions distinguish being seen by drivers from seeing road hazards. Investigate why the claims diverge, including differences in product version, population, usage, measurement, and evidence attribution where relevant. After resolving what can be resolved, evaluate the choices against these requirements: visible from multiple directions, illuminate dark pavement, comfortable over seasonal layers, and at least four-hour runtime. Then choose the visibility system that covers both recognition and path illumination. If the conflict remains bounded, state exactly what is still unknown."
dra_paper_qc_0118,health_and_activity,fitness_recovery,"Fitness, training, and recovery",balance_training_home,constraint_match_and_select,source_probed_query_candidate,111,"I want to add balance work to home exercise, but the equipment must be safe to use near ordinary furniture. The realistic choices seem to be foam balance pad, rocker balance board, and inflatable balance cushion, and I keep finding advice aimed at very different users. My hard requirements are progress difficulty gradually, non-slip on hard floor, store in a closet, and usable without mounting hardware. Work out which choices genuinely remain after those requirements are applied, show what each surviving choice gives up, and choose the device that supports controlled progression rather than maximum instability. I would rather hear that a requirement is incompatible than get a generic best-of list."
dra_paper_qc_0119,health_and_activity,fitness_recovery,"Fitness, training, and recovery",travel_mobility_tools,mechanism_to_case_application,source_probed_query_candidate,119,"Long flights leave me stiff, and I want one compact tool for a short mobility routine in hotel rooms. Product descriptions make stretching strap, compact massage ball, and folding mobility stick sound easy to compare, but the result seems to depend on joint range, leverage, localized pressure, tissue compression, and user-controlled load. Explain that mechanism in enough depth to evaluate the options against these requirements: fit carry-on luggage, work for legs and shoulders, quiet hotel-room use, and simple self-control of pressure. Use it to distinguish a real advantage from a specification that may not matter here, and choose the simplest tool likely to support a repeatable post-travel routine. I am looking for a scenario-specific conclusion, not a universal ranking."
dra_paper_qc_0120,health_and_activity,fitness_recovery,"Fitness, training, and recovery",jump_training_noise,evidence_reconciliation,source_probed_query_candidate,128,"I want short jump and agility workouts at home but must limit impact noise for the apartment below. Advice about dense rubber exercise tiles, thick folding gym mat, and outdoor sessions with compact agility equipment is pulling me in opposite directions. Thick mats are sold as sound control while users find soft surfaces unstable and insufficient against structure-borne impact. Please determine whether this is a true contradiction or a scope difference, and explain which evidence should carry weight for my case. Use these requirements as the boundary of the decision: reduce transmitted impact, stable for lateral movement, store within one closet, and support thirty-minute sessions. Then choose the workout environment that honestly addresses both training quality and neighbor noise. Do not average incompatible claims into a false consensus."
dra_paper_qc_0121,health_and_activity,outdoor_camping,"Outdoor, camping, and preparedness",weekend_shelter,constraint_match_and_select,source_probed_query_candidate,106,"I am starting weekend trips in a rainy, windy region and will sometimes camp beside the car and sometimes hike in. I am choosing among light backpacking tent, roomier car-camping tent, and hammock with tarp. The decision has to satisfy sleep two people, handle sustained rain, setup after dark, and carry under four kilograms when hiking. Please compare the options as complete routes rather than as isolated specifications, explain the trade-offs that matter in this situation, and choose the shelter strategy that can cover both trip styles without pretending one excels everywhere. If none satisfies everything, identify the least damaging compromise instead of forcing a winner."
dra_paper_qc_0122,health_and_activity,outdoor_camping,"Outdoor, camping, and preparedness",drinking_water,mechanism_to_case_application,source_probed_query_candidate,117,"I need a water plan for day hikes and occasional emergency use at home. I need to decide among squeeze filter, pump filter, and purification tablets plus prefilter while meeting treat questionable freshwater, serve two people, work after months in storage, and minimal field maintenance. Please start from the underlying issue of pore size, protozoa and bacteria removal, chemical disinfection, turbidity, and freezing damage and show how it plays out in the specific use case: what it improves, what it cannot solve, and what new trade-off it creates. Then compare the options on that basis and select a primary method and a sensible backup, with a conditional answer if the evidence supports more than one sensible route."
dra_paper_qc_0123,health_and_activity,outdoor_camping,"Outdoor, camping, and preparedness",night_lighting,evidence_reconciliation,source_probed_query_candidate,107,"I want one lighting kit for power cuts, campsite cooking, and walking after dark. I am trying to choose among rechargeable headlamp, battery lantern, and high-output handheld flashlight, but the evidence appears to disagree: headline brightness dominates listings while users value regulation, low modes, and controls. Reconcile the disagreement by checking whether the sources concern different users, conditions, measurements, time periods, or meanings. Then apply the result under these requirements: hands-free task light, low mode that lasts overnight, replaceable energy backup, and safe indoor use. Finally, choose a two-device combination that covers the actual tasks. Preserve uncertainty where the available evidence does not support one general conclusion."
dra_paper_qc_0124,health_and_activity,outdoor_camping,"Outdoor, camping, and preparedness",off_grid_power,constraint_match_and_select,source_probed_query_candidate,115,"I need modest backup power for phones, a laptop, and lights during weekend camping and short outages. I can see plausible arguments for large USB power bank, portable power station, and folding solar panel plus smaller battery, which is why simple ratings are not helping. I need airline travel is not required, run a laptop for one workday, recharge within a weekend, and maximum $800. Build the comparison around those needs. Compare the ownership and usability trade-offs where they affect the decision, then recommend the system sized to the loads rather than the largest label. If the answer depends on a condition I have not considered, make that condition explicit rather than assuming it away."
dra_paper_qc_0125,health_and_activity,outdoor_camping,"Outdoor, camping, and preparedness",three_season_sleep_system,mechanism_to_case_application,source_probed_query_candidate,133,"I sleep cold and need a compact system for spring through autumn backpacking, including damp nights near freezing. The options are down sleeping bag with insulated pad, synthetic sleeping bag with insulated pad, and backpacking quilt with insulated pad, and the technical explanations I encounter keep mentioning temperature ratings, loft, conductive heat loss, pad insulation, moisture retention, and draft control. I need to understand which parts of that mechanism are actually decision-relevant. My requirements are remain comfortable near freezing, pack into a forty-liter backpack, manage condensation and dampness, and maximum $500. Trace the practical consequences for each option, including any condition that reverses the comparison, and choose a matched bag-or-quilt and pad strategy with an honest margin for a cold sleeper. Do not assume the most advanced-sounding design is automatically the best fit."
dra_paper_qc_0126,health_and_activity,outdoor_camping,"Outdoor, camping, and preparedness",camp_cooking_fuel,evidence_reconciliation,source_probed_query_candidate,130,"I cook simple hot meals for two on weekend trips that range from calm summer campsites to windy shoulder-season mornings. Simple ratings are not enough for upright canister stove, remote-canister stove, and alcohol stove kit because boil-time claims favor powerful burners while field users emphasize cold-weather pressure, pot stability, and fuel availability. Separate claims that can coexist under different conditions from claims that genuinely cannot both be right. Then use these requirements to decide which evidence applies to me: boil water reliably in wind, support a medium cooking pot, pack safely in a small car or backpack, and keep fuel planning simple. Finally, select the stove architecture whose operating limits fit the expected seasons and meals. I want an explanation of the exclusions and remaining uncertainty, not a popularity vote."
dra_paper_qc_0127,health_and_activity,outdoor_camping,"Outdoor, camping, and preparedness",overnight_pack_fit,constraint_match_and_select,source_probed_query_candidate,117,"I am moving from day hikes to one- and two-night trips and need a pack that will not become uncomfortable as food and water are added. Before I spend money, I need a decision among frameless ultralight backpack, internal-frame backpack, and ventilated suspended-back pack. Please treat carry twelve kilograms comfortably, fit a short torso, provide accessible water storage, and remain useful for lighter day trips as real constraints, not preferences that can quietly disappear. Compare how the options behave in the stated use case, separate meaningful differences from marketing language, and choose the suspension design and capacity based on the real load rather than empty-pack weight. Explain why the excluded options fail or require a specific compromise."
dra_paper_qc_0128,health_and_activity,outdoor_camping,"Outdoor, camping, and preparedness",trail_navigation_backup,mechanism_to_case_application,source_probed_query_candidate,135,"I hike on marked forest trails but sometimes lose phone coverage and want a navigation backup that does not require expert training. I am comparing handheld GPS navigator, offline phone maps with power bank, and paper map and baseplate compass, but I do not want to choose from labels alone. Explain the decision-relevant effects of satellite positioning, magnetic bearings, map scale, battery endurance, waterproofing, and human wayfinding in this case. Apply that explanation to these requirements: work without cellular service, survive rain, provide at least one independent backup, and stay understandable after months without practice. Compare where each option benefits or runs into a limit, and recommend a primary and backup navigation combination with a realistic learning burden. Keep the mechanism tied to the decision rather than turning the answer into a general technical overview."
dra_paper_qc_0129,health_and_activity,outdoor_camping,"Outdoor, camping, and preparedness",wildlife_food_storage,evidence_reconciliation,source_probed_query_candidate,130,"I camp where small animals are common and occasionally visit areas that require more secure overnight food storage. I need a decision among hard-sided bear canister, odor-resistant bag with hanging kit, and animal-resistant soft food bag, yet lightweight storage methods appeal to backpackers while land guidance and user reports differ by animal behavior and local rules. Investigate why the claims diverge, including differences in product version, population, usage, measurement, and evidence attribution where relevant. After resolving what can be resolved, evaluate the choices against these requirements: protect food overnight, follow varying campsite rules, fit food for two people, and avoid unnecessary bulk on ordinary trips. Then choose a default system and identify when a regulated hard container becomes necessary. If the conflict remains bounded, state exactly what is still unknown."
dra_paper_qc_0130,health_and_activity,outdoor_camping,"Outdoor, camping, and preparedness",mosquito_camp_protection,constraint_match_and_select,source_probed_query_candidate,121,"Summer camps near wetlands leave me dealing with mosquitoes during cooking and while sleeping, but I dislike heavy enclosed shelters. The realistic choices seem to be head net and protective clothing, freestanding screen shelter, and portable spatial repellent device, and I keep finding advice aimed at very different users. My hard requirements are protect two people at dusk, work in light wind, pack for short walk-in camps, and avoid relying on skin-applied products alone. Work out which choices genuinely remain after those requirements are applied, show what each surviving choice gives up, and assemble a layered protection plan that remains useful when one method loses effectiveness. I would rather hear that a requirement is incompatible than get a generic best-of list."
dra_paper_qc_0131,health_and_activity,outdoor_camping,"Outdoor, camping, and preparedness",trekking_pole_choice,mechanism_to_case_application,source_probed_query_candidate,125,"I want support for steep descents and occasional creek crossings without carrying poles that are awkward on public transport. Product descriptions make telescoping aluminum poles, folding carbon-fiber poles, and single adjustable hiking staff sound easy to compare, but the result seems to depend on bending stiffness, impact failure, locking mechanisms, pole length, wrist loading, and four-point stability. Explain that mechanism in enough depth to evaluate the options against these requirements: support uneven descents, collapse into a travel bag, adjust for different terrain, and tolerate occasional impacts. Use it to distinguish a real advantage from a specification that may not matter here, and select the pole construction and format that balances packability with predictable failure. I am looking for a scenario-specific conclusion, not a universal ranking."
dra_paper_qc_0132,health_and_activity,outdoor_camping,"Outdoor, camping, and preparedness",compact_camp_furniture,evidence_reconciliation,source_probed_query_candidate,135,"After long hikes I want a comfortable place to cook and sit, but the campsite may be a kilometer from the car. Advice about low folding camp chair, ultralight fabric stool, and foam sitting pad with compact table is pulling me in opposite directions. Comfort ratings favor larger chairs while backpackers report sinking feet, unstable tables, and disproportionate packed volume. Please determine whether this is a true contradiction or a scope difference, and explain which evidence should carry weight for my case. Use these requirements as the boundary of the decision: support an adult on soft ground, pack with other overnight gear, provide a stable cooking surface, and maximum combined weight of two kilograms. Then choose the seating and work-surface combination that earns its carrying weight. Do not average incompatible claims into a false consensus."
dra_paper_qc_0133,lifestyle_and_travel,footwear_apparel,Footwear and technical apparel,mixed_surface_running,constraint_match_and_select,source_probed_query_candidate,99,"I run on pavement during the week and muddy park trails on weekends. I am choosing among road running shoes, trail running shoes, and door-to-trail hybrid shoes. The decision has to satisfy stable on wet ground, comfortable for ten-kilometer road runs, fit a wide forefoot, and replace no more than once a year. Please compare the options as complete routes rather than as isolated specifications, explain the trade-offs that matter in this situation, and choose the shoe category that best matches the actual mileage split. If none satisfies everything, identify the least damaging compromise instead of forcing a winner."
dra_paper_qc_0134,lifestyle_and_travel,footwear_apparel,Footwear and technical apparel,salt_winter_commute,mechanism_to_case_application,source_probed_query_candidate,116,"My commute includes twenty-five minutes through snow, slush, and road salt. I need to decide among insulated leather boots, synthetic waterproof hiking boots, and rubber-bottom winter boots while meeting dry feet, traction on packed snow, comfortable indoors, and repairable or durable for several winters. Please start from the underlying issue of insulation, vapor transport, waterproof membranes, leather care, and outsole compounds and show how it plays out in the specific use case: what it improves, what it cannot solve, and what new trade-off it creates. Then compare the options on that basis and select the boot construction with the most manageable failure modes, with a conditional answer if the evidence supports more than one sensible route."
dra_paper_qc_0135,lifestyle_and_travel,footwear_apparel,Footwear and technical apparel,city_rain_layer,evidence_reconciliation,source_probed_query_candidate,107,"I walk and cycle in frequent rain but overheat easily. I am trying to choose among waterproof breathable shell, softshell with umbrella, and long cycling poncho, but the evidence appears to disagree: laboratory ratings suggest shells should breathe while commuters report feeling wet from condensation. Reconcile the disagreement by checking whether the sources concern different users, conditions, measurements, time periods, or meanings. Then apply the result under these requirements: twenty-minute commute, fit over office clothes, manage sweat, and pack small when dry. Finally, choose the rain strategy that best separates external leakage from internal moisture. Preserve uncertainty where the available evidence does not support one general conclusion."
dra_paper_qc_0136,lifestyle_and_travel,footwear_apparel,Footwear and technical apparel,cold_base_layers,constraint_match_and_select,source_probed_query_candidate,99,"I need base layers for skiing, winter hiking, and everyday cold-weather commuting. I can see plausible arguments for merino wool, synthetic polyester, and cotton blend, which is why simple ratings are not helping. I need manage sweat, avoid odor over a weekend, not unbearably itchy, and reasonable durability. Build the comparison around those needs. Compare the ownership and usability trade-offs where they affect the decision, then recommend a material mix for the three uses rather than a universal winner. If the answer depends on a condition I have not considered, make that condition explicit rather than assuming it away."
dra_paper_qc_0137,lifestyle_and_travel,footwear_apparel,Footwear and technical apparel,rocky_day_hikes,mechanism_to_case_application,source_probed_query_candidate,127,"I take long day hikes on rocky, uneven trails but dislike the weight and break-in period of traditional boots. The options are low trail shoes, mid-height hiking shoes, and full-grain leather hiking boots, and the technical explanations I encounter keep mentioning outsole friction, ankle mobility, upper stiffness, water absorption, foot swelling, and underfoot protection. I need to understand which parts of that mechanism are actually decision-relevant. My requirements are grip loose rock, protect toes, dry after shallow stream crossings, and remain comfortable for fifteen kilometers. Trace the practical consequences for each option, including any condition that reverses the comparison, and choose the footwear construction that matches the terrain without treating weight as the only tradeoff. Do not assume the most advanced-sounding design is automatically the best fit."
dra_paper_qc_0138,lifestyle_and_travel,footwear_apparel,Footwear and technical apparel,all_day_standing,evidence_reconciliation,source_probed_query_candidate,125,"My job keeps me standing on hard indoor floors for nine hours, with only brief walking breaks. Simple ratings are not enough for cushioned athletic shoes, supportive work clogs, and firm work shoes with replaceable insoles because soft cushioning feels best in short trials while workers disagree about long-shift stability and how quickly foam collapses. Separate claims that can coexist under different conditions from claims that genuinely cannot both be right. Then use these requirements to decide which evidence applies to me: stable during quick turns, easy to clean, room for foot swelling, and last through frequent wear. Finally, select the shoe-and-insole approach most likely to retain comfort over repeated shifts. I want an explanation of the exclusions and remaining uncertainty, not a popularity vote."
dra_paper_qc_0139,lifestyle_and_travel,footwear_apparel,Footwear and technical apparel,warm_weather_water_shoes,constraint_match_and_select,source_probed_query_candidate,96,"I need one pair for humid-city sightseeing, rocky beaches, and short walks through shallow water. Before I spend money, I need a decision among sport sandals, drainable water shoes, and lightweight mesh trail shoes. Please treat secure on wet rock, dry overnight, comfortable for five kilometers, and pack compactly as real constraints, not preferences that can quietly disappear. Compare how the options behave in the stated use case, separate meaningful differences from marketing language, and choose the footwear category that best handles the land-to-water transition. Explain why the excluded options fail or require a specific compromise."
dra_paper_qc_0140,lifestyle_and_travel,footwear_apparel,Footwear and technical apparel,winter_hand_layers,mechanism_to_case_application,source_probed_query_candidate,127,"My winter commute mixes cycling, waiting for transit, and using a phone in temperatures just below freezing. I am comparing insulated touchscreen gloves, liner gloves with waterproof shells, and convertible mitten gloves, but I do not want to choose from labels alone. Explain the decision-relevant effects of surface-area heat loss, insulation loft, evaporative cooling, membrane permeability, and finger dexterity in this case. Apply that explanation to these requirements: block cold wind, retain finger control, handle light rain or snow, and dry between daily uses. Compare where each option benefits or runs into a limit, and choose the glove architecture that can change with activity rather than optimize a single condition. Keep the mechanism tied to the decision rather than turning the answer into a general technical overview."
dra_paper_qc_0141,lifestyle_and_travel,footwear_apparel,Footwear and technical apparel,summer_sun_headwear,evidence_reconciliation,source_probed_query_candidate,125,"I spend full summer days gardening and walking in exposed sun, but hats often feel hot or blow off. I need a decision among wide-brim woven hat, ventilated technical sun hat, and cap with removable neck cape, yet coverage claims favor large brims while outdoor users report wind lift, trapped heat, and collapsing wet fabric. Investigate why the claims diverge, including differences in product version, population, usage, measurement, and evidence attribution where relevant. After resolving what can be resolved, evaluate the choices against these requirements: shade face ears and neck, stay secure in wind, release heat and sweat, and survive repeated washing. Then select the hat design that provides sustainable coverage during active use. If the conflict remains bounded, state exactly what is still unknown."
dra_paper_qc_0142,lifestyle_and_travel,footwear_apparel,Footwear and technical apparel,multi_day_hiking_socks,constraint_match_and_select,source_probed_query_candidate,117,"I need socks for a four-day hiking trip where I can carry only two pairs and may not dry them fully overnight. The realistic choices seem to be merino-blend hiking socks, synthetic hiking socks, and liner-and-outer sock system, and I keep finding advice aimed at very different users. My hard requirements are manage foot moisture, reduce friction hot spots, retain shape over repeated days, and wash and dry with minimal facilities. Work out which choices genuinely remain after those requirements are applied, show what each surviving choice gives up, and choose a sock system that balances drying and friction for limited rotation. I would rather hear that a requirement is incompatible than get a generic best-of list."
dra_paper_qc_0143,lifestyle_and_travel,footwear_apparel,Footwear and technical apparel,packable_insulation_layer,mechanism_to_case_application,source_probed_query_candidate,125,"I need an insulating jacket for cool rest stops, damp travel days, and occasional light backpacking. Product descriptions make lightweight down jacket, synthetic insulated jacket, and heavy fleece jacket sound easy to compare, but the result seems to depend on loft, trapped air, moisture sensitivity, compression recovery, air permeability, and abrasion. Explain that mechanism in enough depth to evaluate the options against these requirements: stay useful in damp weather, fit beneath a rain shell, pack into a day bag, and withstand routine travel use. Use it to distinguish a real advantage from a specification that may not matter here, and select the insulation type whose weakness is easiest to manage in the expected use. I am looking for a scenario-specific conclusion, not a universal ranking."
dra_paper_qc_0144,lifestyle_and_travel,footwear_apparel,Footwear and technical apparel,visible_cycle_clothing,evidence_reconciliation,source_probed_query_candidate,126,"I commute by bicycle before sunrise and want visibility without wearing a specialized racing outfit at work. Advice about high-visibility waterproof jacket, reflective vest over normal layers, and reflective harness and ankle bands is pulling me in opposite directions. Bright garments advertise daytime conspicuity while cyclists report that reflective placement, motion, and lighting angle change night recognition. Please determine whether this is a true contradiction or a scope difference, and explain which evidence should carry weight for my case. Use these requirements as the boundary of the decision: visible from multiple directions, manage rain and sweat, fit changing seasonal layers, and pack away at the office. Then choose a modular visibility strategy for both daylight and darkness. Do not average incompatible claims into a false consensus."
dra_paper_qc_0145,lifestyle_and_travel,bags_travel,"Bags, luggage, and travel accessories",frequent_carry_on,constraint_match_and_select,source_probed_query_candidate,89,"I fly twice a month and want to stop checking luggage. I am choosing among hard-shell spinner, soft-sided roller, and travel backpack. The decision has to satisfy fit common carry-on limits, protect a laptop, handle trains and stairs, and last through frequent use. Please compare the options as complete routes rather than as isolated specifications, explain the trade-offs that matter in this situation, and choose the luggage form that matches mixed airport and rail travel. If none satisfies everything, identify the least damaging compromise instead of forcing a winner."
dra_paper_qc_0146,lifestyle_and_travel,bags_travel,"Bags, luggage, and travel accessories",wet_bike_commute,mechanism_to_case_application,source_probed_query_candidate,127,"I cycle to work through rain and carry a laptop, lunch, and a change of clothes. I need to decide among waterproof roll-top backpack, ventilated commuter backpack with cover, and bike pannier while meeting keep electronics dry, avoid a soaked back, stable on the bike, and easy to carry into the office. Please start from the underlying issue of water ingress at seams, back-panel ventilation, center of mass, and attachment loads and show how it plays out in the specific use case: what it improves, what it cannot solve, and what new trade-off it creates. Then compare the options on that basis and select the carrying system that handles both riding and office use, with a conditional answer if the evidence supports more than one sensible route."
dra_paper_qc_0147,lifestyle_and_travel,bags_travel,"Bags, luggage, and travel accessories",small_suitcase_packing,evidence_reconciliation,source_probed_query_candidate,108,"Two people share one small suitcase for a ten-day trip. I am trying to choose among standard packing cubes, compression cubes, and vacuum bags, but the evidence appears to disagree: compression products advertise major space savings while travelers report heavier bags and awkward shapes. Reconcile the disagreement by checking whether the sources concern different users, conditions, measurements, time periods, or meanings. Then apply the result under these requirements: separate clean and dirty clothes, avoid extreme wrinkling, meet airline weight limits, and repack in different hotels. Finally, choose a packing method and explain when compression becomes counterproductive. Preserve uncertainty where the available evidence does not support one general conclusion."
dra_paper_qc_0148,lifestyle_and_travel,bags_travel,"Bags, luggage, and travel accessories",international_power,constraint_match_and_select,source_probed_query_candidate,110,"I travel with a laptop, phone, camera battery, and medical device. I can see plausible arguments for universal plug adapter, adapter with integrated USB charger, and small grounded travel power strip, which is why simple ratings are not helping. I need work across several plug types, do not convert voltage accidentally, charge four devices overnight, and fit in hand luggage. Build the comparison around those needs. Compare the ownership and usability trade-offs where they affect the decision, then recommend the safest compact power setup and clarify what it cannot convert. If the answer depends on a condition I have not considered, make that condition explicit rather than assuming it away."
dra_paper_qc_0149,lifestyle_and_travel,bags_travel,"Bags, luggage, and travel accessories",underseat_personal_item,mechanism_to_case_application,source_probed_query_candidate,139,"I need an underseat bag for short flights that can carry a laptop, one change of clothes, and essentials without becoming awkward in transit. The options are structured personal-item backpack, convertible tote backpack, and small underseat roller, and the technical explanations I encounter keep mentioning external versus usable dimensions, frame and wheel intrusion, load distribution, zipper geometry, and soft-bag compression. I need to understand which parts of that mechanism are actually decision-relevant. My requirements are fit beneath a typical airline seat, protect a thirteen-inch laptop, open easily at security, and remain comfortable through train connections. Trace the practical consequences for each option, including any condition that reverses the comparison, and choose the bag form that makes best use of constrained space across both flight and ground travel. Do not assume the most advanced-sounding design is automatically the best fit."
dra_paper_qc_0150,lifestyle_and_travel,bags_travel,"Bags, luggage, and travel accessories",one_bag_toiletries,evidence_reconciliation,source_probed_query_candidate,125,"I share hotel bathrooms and want a compact toiletries system that handles liquids, small grooming tools, and damp items. Simple ratings are not enough for hanging toiletry organizer, structured countertop wash bag, and clear modular liquid pouches because large organizers earn praise for access while frequent travelers report overpacking, trapped moisture, and unstable hooks. Separate claims that can coexist under different conditions from claims that genuinely cannot both be right. Then use these requirements to decide which evidence applies to me: contain small leaks, fit limited counter space, dry between stops, and separate airport liquids quickly. Finally, select the organization format that stays compact without creating a hygiene or access problem. I want an explanation of the exclusions and remaining uncertainty, not a popularity vote."
dra_paper_qc_0151,lifestyle_and_travel,bags_travel,"Bags, luggage, and travel accessories",secure_day_sightseeing,constraint_match_and_select,source_probed_query_candidate,115,"I want a small sightseeing bag for crowded streets that keeps a camera, phone, and documents accessible without advertising valuables. Before I spend money, I need a decision among crossbody sling bag, small locking-zip backpack, and waist pack worn across the chest. Please treat keep contents in view, resist casual zipper access, remain comfortable all day, and fit beneath a light jacket when needed as real constraints, not preferences that can quietly disappear. Compare how the options behave in the stated use case, separate meaningful differences from marketing language, and choose a carrying format and routine that reduce opportunity without claiming complete theft prevention. Explain why the excluded options fail or require a specific compromise."
dra_paper_qc_0152,lifestyle_and_travel,bags_travel,"Bags, luggage, and travel accessories",packable_trip_daypack,mechanism_to_case_application,source_probed_query_candidate,131,"I need a day bag that packs inside my main luggage but can carry water, a jacket, and groceries during a trip. I am comparing frameless packable backpack, lightweight structured daypack, and folding tote with backpack straps, but I do not want to choose from labels alone. Explain the decision-relevant effects of fabric tear strength, seam loading, shoulder-strap pressure, back-panel structure, water resistance, and packed volume in this case. Apply that explanation to these requirements: carry eight kilograms occasionally, hold a water bottle securely, survive light rain, and occupy little luggage space. Compare where each option benefits or runs into a limit, and choose the minimum structure needed for the heaviest realistic day load. Keep the mechanism tied to the decision rather than turning the answer into a general technical overview."
dra_paper_qc_0153,lifestyle_and_travel,bags_travel,"Bags, luggage, and travel accessories",formal_clothes_transport,evidence_reconciliation,source_probed_query_candidate,124,"I travel by rail for short work events and need to arrive with a jacket, trousers, shoes, and laptop reasonably presentable. I need a decision among folding garment duffel, slim garment bag, and structured weekender with packing folder, yet garment bags promise crease-free arrival while business travelers report awkward carrying and little space for ordinary items. Investigate why the claims diverge, including differences in product version, population, usage, measurement, and evidence attribution where relevant. After resolving what can be resolved, evaluate the choices against these requirements: limit deep wrinkles, carry comfortably through stations, protect a laptop, and fit overhead storage. Then select the packing architecture that best balances garment shape and transport practicality. If the conflict remains bounded, state exactly what is still unknown."
dra_paper_qc_0154,lifestyle_and_travel,bags_travel,"Bags, luggage, and travel accessories",luggage_weight_control,constraint_match_and_select,source_probed_query_candidate,113,"Our family often approaches checked-bag weight limits and needs a reliable way to redistribute items before reaching the airport. The realistic choices seem to be handheld digital luggage scale, mechanical spring luggage scale, and compact floor scale, and I keep finding advice aimed at very different users. My hard requirements are measure heavy suitcases, remain readable while lifting, work away from mains power, and avoid large measurement surprises. Work out which choices genuinely remain after those requirements are applied, show what each surviving choice gives up, and choose a weighing method and verification routine appropriate to airline margins. I would rather hear that a requirement is incompatible than get a generic best-of list."
dra_paper_qc_0155,lifestyle_and_travel,bags_travel,"Bags, luggage, and travel accessories",family_document_organization,mechanism_to_case_application,source_probed_query_candidate,135,"I coordinate travel for four people and need passports, tickets, cards, and small amounts of cash organized without one loss exposing everything. Product descriptions make family travel document wallet, separate slim passport sleeves, and wearable neck pouch with backup wallet sound easy to compare, but the result seems to depend on compartment access, loss concentration, body placement, closure design, radio-frequency shielding limits, and human memory. Explain that mechanism in enough depth to evaluate the options against these requirements: retrieve documents quickly at checkpoints, separate primary and backup payment, fit four passports, and avoid excessive bulk or visibility. Use it to distinguish a real advantage from a specification that may not matter here, and recommend a document distribution system that balances access with loss containment. I am looking for a scenario-specific conclusion, not a universal ranking."
dra_paper_qc_0156,lifestyle_and_travel,bags_travel,"Bags, luggage, and travel accessories",rainproof_camera_daybag,evidence_reconciliation,source_probed_query_candidate,133,"I carry a small camera and tablet on rainy city walks and want protection without the bulk of a professional camera case. Advice about water-resistant camera sling, ordinary daypack with padded insert, and roll-top bag with camera cube is pulling me in opposite directions. Weatherproof labels focus on fabric while photographers report failures at zippers and the tension between fast access and sealing. Please determine whether this is a true contradiction or a scope difference, and explain which evidence should carry weight for my case. Use these requirements as the boundary of the decision: protect equipment from sustained rain, allow quick camera access, avoid obvious camera branding, and remain comfortable for six hours. Then choose a modular bag setup with a realistic rain-protection boundary. Do not average incompatible claims into a false consensus."
dra_paper_qc_0157,personal_care,beauty_skin_hair,"Beauty, skin care, and hair tools",daily_sunscreen,constraint_match_and_select,source_probed_query_candidate,88,"I need daily face sunscreen for a humid climate and outdoor commuting. I am choosing among mineral sunscreen, organic-filter sunscreen, and hybrid sunscreen. The decision has to satisfy broad-spectrum protection, comfortable under makeup, minimal white cast, and affordable enough to reapply. Please compare the options as complete routes rather than as isolated specifications, explain the trade-offs that matter in this situation, and choose the sunscreen type most likely to be applied correctly every day. If none satisfies everything, identify the least damaging compromise instead of forcing a winner."
dra_paper_qc_0158,personal_care,beauty_skin_hair,"Beauty, skin care, and hair tools",simple_skin_routine,mechanism_to_case_application,source_probed_query_candidate,120,"My bathroom is filling with products, but my skin is dry and easily irritated. I need to decide among gentle cleanser plus moisturizer, cleanser serum and moisturizer, and all-in-one moisturizing cleanser while meeting support the skin barrier, avoid fragrance irritation, work morning and night, and keep the routine under $80. Please start from the underlying issue of surfactants, humectants, occlusives, pH, and barrier lipids and show how it plays out in the specific use case: what it improves, what it cannot solve, and what new trade-off it creates. Then compare the options on that basis and recommend the smallest defensible routine and what problem each step addresses, with a conditional answer if the evidence supports more than one sensible route."
dra_paper_qc_0159,personal_care,beauty_skin_hair,"Beauty, skin care, and hair tools",drying_thick_hair,evidence_reconciliation,source_probed_query_candidate,113,"Drying thick hair takes nearly an hour, and I want less heat damage without leaving it wet all morning. I am trying to choose among high-watt conventional dryer, ionic dryer, and heated air-styling brush, but the evidence appears to disagree: premium tools claim healthier fast drying while owners disagree about frizz, breakage, and awkward handling. Reconcile the disagreement by checking whether the sources concern different users, conditions, measurements, time periods, or meanings. Then apply the result under these requirements: reduce drying time, control frizz, avoid scalp discomfort, and maximum $250. Finally, choose the tool design whose physical advantages match thick hair. Preserve uncertainty where the available evidence does not support one general conclusion."
dra_paper_qc_0160,personal_care,beauty_skin_hair,"Beauty, skin care, and hair tools",sensitive_hair_removal,constraint_match_and_select,source_probed_query_candidate,100,"Frequent shaving gives me irritation, but I am not ready for permanent hair removal. I can see plausible arguments for manual safety razor, electric foil shaver, and epilator, which is why simple ratings are not helping. I need minimize ingrown hairs, usable twice a week, reasonable pain, and low recurring cost. Build the comparison around those needs. Compare the ownership and usability trade-offs where they affect the decision, then select the method with the best risk tradeoff for sensitive skin. If the answer depends on a condition I have not considered, make that condition explicit rather than assuming it away."
dra_paper_qc_0161,personal_care,beauty_skin_hair,"Beauty, skin care, and hair tools",low_waste_hair_washing,mechanism_to_case_application,source_probed_query_candidate,126,"I travel often and want a simple hair-washing product that reduces packaging without leaving medium-length hair difficult to manage. The options are solid shampoo bar, concentrated liquid shampoo, and combined shampoo-conditioner bar, and the technical explanations I encounter keep mentioning surfactant type, product pH, hard-water ions, conditioning deposition, bar dissolution, and hair-fiber friction. I need to understand which parts of that mechanism are actually decision-relevant. My requirements are clean an oily scalp, avoid a rough coated feel, dry safely between uses, and pack without liquid leakage. Trace the practical consequences for each option, including any condition that reverses the comparison, and choose the portable format whose formulation and storage needs fit the actual routine. Do not assume the most advanced-sounding design is automatically the best fit."
dra_paper_qc_0162,personal_care,beauty_skin_hair,"Beauty, skin care, and hair tools",wet_hair_detangling,evidence_reconciliation,source_probed_query_candidate,119,"My long wavy hair tangles after washing, and forceful brushing causes visible breakage. Simple ratings are not enough for flexible detangling brush, wide-tooth comb, and paddle brush with mixed bristles because specialized brushes claim painless detangling while users report that sectioning, conditioner, and starting position matter as much as tool shape. Separate claims that can coexist under different conditions from claims that genuinely cannot both be right. Then use these requirements to decide which evidence applies to me: work on damp hair, reduce pulling, handle dense sections, and clean easily after product use. Finally, select the tool and technique with the lowest likely mechanical stress. I want an explanation of the exclusions and remaining uncertainty, not a popularity vote."
dra_paper_qc_0163,personal_care,beauty_skin_hair,"Beauty, skin care, and hair tools",occasional_heat_styling,constraint_match_and_select,source_probed_query_candidate,108,"I style shoulder-length hair twice a week and want loose waves without repeatedly exposing every section to high heat. Before I spend money, I need a decision among adjustable curling iron, flat iron with rounded plates, and heatless curling set. Please treat create loose consistent waves, limit repeated passes, finish within thirty minutes, and store in a small bathroom as real constraints, not preferences that can quietly disappear. Compare how the options behave in the stated use case, separate meaningful differences from marketing language, and choose the styling method whose time and damage tradeoff fits twice-weekly use. Explain why the excluded options fail or require a specific compromise."
dra_paper_qc_0164,personal_care,beauty_skin_hair,"Beauty, skin care, and hair tools",winter_lip_protection,mechanism_to_case_application,source_probed_query_candidate,125,"Cold wind and heated indoor air leave my lips dry, and I want a product I can reapply without strong flavor or shine. I am comparing petrolatum-based balm, wax-and-oil lip balm, and lanolin-based lip treatment, but I do not want to choose from labels alone. Explain the decision-relevant effects of occlusion, transepidermal water loss, wax melting point, oil oxidation, saliva evaporation, and contact sensitivity in this case. Apply that explanation to these requirements: reduce moisture loss, remain comfortable outdoors, avoid fragrance, and fit frequent daytime reapplication. Compare where each option benefits or runs into a limit, and choose the simplest formulation whose protective mechanism matches cold dry conditions. Keep the mechanism tied to the decision rather than turning the answer into a general technical overview."
dra_paper_qc_0165,personal_care,beauty_skin_hair,"Beauty, skin care, and hair tools",frequent_hand_washing,evidence_reconciliation,source_probed_query_candidate,125,"Frequent hand washing at work leaves my hands dry, but greasy creams interfere with keyboards and paper. I need a decision among light glycerin hand lotion, ceramide hand cream, and petrolatum ointment used overnight, yet rich creams are rated as more moisturizing while users reject residue and therefore apply them too rarely. Investigate why the claims diverge, including differences in product version, population, usage, measurement, and evidence attribution where relevant. After resolving what can be resolved, evaluate the choices against these requirements: absorb quickly during the day, avoid fragrance, support dry skin after washing, and stay affordable for frequent use. Then recommend a daytime and optional nighttime approach that users are likely to follow. If the conflict remains bounded, state exactly what is still unknown."
dra_paper_qc_0166,personal_care,beauty_skin_hair,"Beauty, skin care, and hair tools",basic_nail_maintenance,constraint_match_and_select,source_probed_query_candidate,118,"My natural nails split at the edges, and I want a compact home kit for shaping and neat cuticles rather than decorative extensions. The realistic choices seem to be glass file and cuticle pusher, metal manicure tool kit, and electric nail drill set, and I keep finding advice aimed at very different users. My hard requirements are shape nails without rough edges, allow precise low-force control, clean tools between uses, and avoid unnecessary complexity. Work out which choices genuinely remain after those requirements are applied, show what each surviving choice gives up, and select the smallest tool set that supports safe routine maintenance. I would rather hear that a requirement is incompatible than get a generic best-of list."
dra_paper_qc_0167,personal_care,beauty_skin_hair,"Beauty, skin care, and hair tools",makeup_tool_hygiene,mechanism_to_case_application,source_probed_query_candidate,130,"I use light makeup most days and need a small set of applicators that can be washed often and dry overnight. Product descriptions make synthetic brush set, reusable makeup sponges, and silicone applicators with two brushes sound easy to compare, but the result seems to depend on fiber capillarity, foam porosity, product absorption, surface friction, microbial moisture, and adhesive durability. Explain that mechanism in enough depth to evaluate the options against these requirements: blend liquid and powder products, clean without special equipment, dry in a humid bathroom, and replace pieces individually. Use it to distinguish a real advantage from a specification that may not matter here, and choose a minimal applicator mix based on product type and cleaning burden. I am looking for a scenario-specific conclusion, not a universal ranking."
dra_paper_qc_0168,personal_care,beauty_skin_hair,"Beauty, skin care, and hair tools",scalp_focused_drying,evidence_reconciliation,source_probed_query_candidate,137,"My scalp stays damp beneath dense hair after air drying, but I do not need a tool for elaborate styling. Advice about compact dryer with concentrator, bonnet dryer attachment, and microfiber hair wrap followed by low heat is pulling me in opposite directions. High-watt dryers emphasize speed while users with dense hair report that airflow direction and sectioning matter more than peak temperature. Please determine whether this is a true contradiction or a scope difference, and explain which evidence should carry weight for my case. Use these requirements as the boundary of the decision: dry the roots efficiently, avoid prolonged high heat, keep hands free when possible, and store in a small drawer. Then choose the drying workflow that targets retained root moisture with the least excess heat. Do not average incompatible claims into a false consensus."
dra_paper_qc_0169,personal_care,wellness_home_health,Personal wellness and home health devices,oral_care_upgrade,constraint_match_and_select,source_probed_query_candidate,99,"I want to improve home dental care but do not want a countertop full of gadgets. I am choosing among oscillating electric toothbrush, sonic toothbrush, and manual toothbrush plus water flosser. The decision has to satisfy gentle on sensitive gums, easy replacement heads, use in a small bathroom, and maximum $180. Please compare the options as complete routes rather than as isolated specifications, explain the trade-offs that matter in this situation, and choose the setup most likely to improve routine rather than merely add features. If none satisfies everything, identify the least damaging compromise instead of forcing a winner."
dra_paper_qc_0170,personal_care,wellness_home_health,Personal wellness and home health devices,day_sleep,mechanism_to_case_application,source_probed_query_candidate,121,"I work night shifts and need to sleep during daytime city noise. I need to decide among blackout sleep mask and earplugs, white-noise machine, and noise-cancelling earbuds while meeting block light, reduce voices and traffic, comfortable for side sleeping, and safe for an alarm. Please start from the underlying issue of sound attenuation, masking, active cancellation, pressure comfort, and circadian light exposure and show how it plays out in the specific use case: what it improves, what it cannot solve, and what new trade-off it creates. Then compare the options on that basis and recommend a layered sleep setup that addresses both light and different kinds of noise, with a conditional answer if the evidence supports more than one sensible route."
dra_paper_qc_0171,personal_care,wellness_home_health,Personal wellness and home health devices,dry_winter_allergy,evidence_reconciliation,source_probed_query_candidate,107,"Winter heating leaves the bedroom dry, but I also have dust allergies. I am trying to choose among HEPA air purifier, cool-mist humidifier, and combined purifier-humidifier, but the evidence appears to disagree: combination devices promise complete air care while owners report cleaning burden and weak performance. Reconcile the disagreement by checking whether the sources concern different users, conditions, measurements, time periods, or meanings. Then apply the result under these requirements: reduce airborne particles, keep humidity controlled, quiet overnight, and avoid mold or difficult cleaning. Finally, choose the device plan that separates the two problems safely. Preserve uncertainty where the available evidence does not support one general conclusion."
dra_paper_qc_0172,personal_care,wellness_home_health,Personal wellness and home health devices,home_vitals,constraint_match_and_select,source_probed_query_candidate,102,"I want reliable home measurements for an older relative without creating false alarms. I can see plausible arguments for upper-arm blood-pressure monitor, finger pulse oximeter, and multi-function thermometer and health station, which is why simple ratings are not helping. I need simple independent use, repeatable readings, clear limits on interpretation, and maximum $200. Build the comparison around those needs. Compare the ownership and usability trade-offs where they affect the decision, then recommend which devices are genuinely useful and how to interpret disagreement. If the answer depends on a condition I have not considered, make that condition explicit rather than assuming it away."
dra_paper_qc_0173,personal_care,wellness_home_health,Personal wellness and home health devices,gentle_morning_wake,mechanism_to_case_application,source_probed_query_candidate,125,"I wake before sunrise and want an alarm that does not abruptly disturb my partner. The options are sunrise simulation alarm, wearable vibration alarm, and bed-shaker alarm with low sound, and the technical explanations I encounter keep mentioning light intensity and timing, circadian response, tactile stimulation, sound transmission, habituation, and backup power. I need to understand which parts of that mechanism are actually decision-relevant. My requirements are wake one person reliably, minimize room-wide noise, work during dark winter mornings, and retain settings after a brief outage. Trace the practical consequences for each option, including any condition that reverses the comparison, and choose the wake signal best matched to sleeper sensitivity and shared-room constraints. Do not assume the most advanced-sounding design is automatically the best fit."
dra_paper_qc_0174,personal_care,wellness_home_health,Personal wellness and home health devices,hydration_tracking,evidence_reconciliation,source_probed_query_candidate,127,"I routinely forget to drink water during desk work and want a bottle that encourages consistent use without difficult cleaning. Simple ratings are not enough for marked reusable water bottle, insulated straw bottle, and smart reminder bottle because smart bottles add reminders and tracking while owners report charging burden, inaccurate sensing, and lids that are harder to sanitize. Separate claims that can coexist under different conditions from claims that genuinely cannot both be right. Then use these requirements to decide which evidence applies to me: visible progress through the day, one-handed drinking, simple daily cleaning, and fit a standard bag pocket. Finally, select the lowest-complexity bottle design likely to change the actual habit. I want an explanation of the exclusions and remaining uncertainty, not a popularity vote."
dra_paper_qc_0175,personal_care,wellness_home_health,Personal wellness and home health devices,weekly_pill_organization,constraint_match_and_select,source_probed_query_candidate,115,"An older adult needs a simple way to organize routine tablets for a week while preserving clear labels and avoiding accidental double use. Before I spend money, I need a decision among basic seven-day pill box, morning-evening weekly organizer, and locking timed pill dispenser. Please treat make missed compartments visible, open with limited hand strength, keep different times distinct, and allow a caregiver to check the setup as real constraints, not preferences that can quietly disappear. Compare how the options behave in the stated use case, separate meaningful differences from marketing language, and choose the organization level that reduces ambiguity without adding unmanageable setup. Explain why the excluded options fail or require a specific compromise."
dra_paper_qc_0176,personal_care,wellness_home_health,Personal wellness and home health devices,home_weight_trends,mechanism_to_case_application,source_probed_query_candidate,121,"Two household members want to follow long-term body-weight trends without treating every daily fluctuation as meaningful. I am comparing basic digital bathroom scale, connected weight scale, and body-composition impedance scale, but I do not want to choose from labels alone. Explain the decision-relevant effects of load-cell repeatability, floor effects, hydration variation, bioelectrical impedance, user recognition, and data smoothing in this case. Apply that explanation to these requirements: repeatable weight readings, support two users, show trends clearly, and avoid misleading precision. Compare where each option benefits or runs into a limit, and select the scale and tracking method that supports useful trends without overinterpreting estimates. Keep the mechanism tied to the decision rather than turning the answer into a general technical overview."
dra_paper_qc_0177,personal_care,wellness_home_health,Personal wellness and home health devices,post_activity_muscle_relaxation,evidence_reconciliation,source_probed_query_candidate,125,"After ordinary workouts I want a reusable tool for short self-massage sessions, mainly on legs and shoulders. I need a decision among foam roller set, handheld massage ball and cane, and percussion massage device, yet powered devices claim deeper recovery while users report noise, difficult reach, excessive intensity, and similar relief from simple tools. Investigate why the claims diverge, including differences in product version, population, usage, measurement, and evidence attribution where relevant. After resolving what can be resolved, evaluate the choices against these requirements: allow controllable pressure, reach both large and small areas, stay quiet in an apartment, and store easily. Then choose the tool whose control and access fit brief non-clinical relaxation use. If the conflict remains bounded, state exactly what is still unknown."
dra_paper_qc_0178,personal_care,wellness_home_health,Personal wellness and home health devices,nighttime_warmth_comfort,constraint_match_and_select,source_probed_query_candidate,114,"I want localized warmth while reading in bed without heating the entire room or leaving a device running unnoticed. The realistic choices seem to be electric throw blanket, microwavable heat pack, and rechargeable heated pad, and I keep finding advice aimed at very different users. My hard requirements are warm lap and feet, provide automatic shutoff or passive cooling, remain comfortable against skin through clothing, and store compactly. Work out which choices genuinely remain after those requirements are applied, show what each surviving choice gives up, and select the warmth source with a failure mode appropriate to bedtime use. I would rather hear that a requirement is incompatible than get a generic best-of list."
dra_paper_qc_0179,personal_care,wellness_home_health,Personal wellness and home health devices,concert_hearing_protection,mechanism_to_case_application,source_probed_query_candidate,126,"I attend live music several times a month and want lower sound exposure without making speech and music unusually muffled. Product descriptions make high-fidelity reusable earplugs, moldable foam earplugs, and over-ear hearing protectors sound easy to compare, but the result seems to depend on sound attenuation, frequency response, insertion depth, acoustic leakage, occlusion, and fit variability. Explain that mechanism in enough depth to evaluate the options against these requirements: reduce loudness consistently, preserve useful frequency balance, remain comfortable for three hours, and carry in a pocket. Use it to distinguish a real advantage from a specification that may not matter here, and choose the protection format and fit-check routine most likely to be used correctly. I am looking for a scenario-specific conclusion, not a universal ranking."
dra_paper_qc_0180,personal_care,wellness_home_health,Personal wellness and home health devices,bedtime_pressure_blanket,evidence_reconciliation,source_probed_query_candidate,127,"I enjoy the calming feel of extra bedding weight but overheat easily and need something manageable to wash. Advice about weighted blanket with removable cover, knitted weighted blanket, and layered ordinary blankets is pulling me in opposite directions. Weighted blankets receive broad comfort claims while users report trapped heat, uneven beads, difficult washing, and strong personal preference. Please determine whether this is a true contradiction or a scope difference, and explain which evidence should carry weight for my case. Use these requirements as the boundary of the decision: provide even gentle pressure, release heat, fit a single sleeper, and allow practical cleaning. Then choose a bedding arrangement based on pressure distribution and maintenance rather than unsupported therapeutic promises. Do not average incompatible claims into a false consensus."
dra_paper_qc_0181,home_and_work,lighting_smart_home,"Lighting, smart home, and household control",bedroom_lighting,constraint_match_and_select,source_probed_query_candidate,93,"Our bedroom needs bright cleaning light and very dim warm reading light without buzzing. I am choosing among standard dimmable LED bulbs, smart bulbs, and lamp with integrated LED. The decision has to satisfy flicker-free low dimming, warm color at night, ordinary wall controls, and replaceable parts if possible. Please compare the options as complete routes rather than as isolated specifications, explain the trade-offs that matter in this situation, and choose the lighting architecture least likely to become disposable. If none satisfies everything, identify the least damaging compromise instead of forcing a winner."
dra_paper_qc_0182,home_and_work,lighting_smart_home,"Lighting, smart home, and household control",first_automation,mechanism_to_case_application,source_probed_query_candidate,122,"I want basic lighting and appliance automation without depending on a fragile cloud account. I need to decide among Wi-Fi smart plugs, hub-based Zigbee devices, and smart bulbs with local control while meeting scheduled operation, physical override, work if internet is down, and expand to ten devices. Please start from the underlying issue of wireless topology, local versus cloud control, protocol interoperability, and standby power and show how it plays out in the specific use case: what it improves, what it cannot solve, and what new trade-off it creates. Then compare the options on that basis and select the ecosystem whose failure mode is acceptable for ordinary household use, with a conditional answer if the evidence supports more than one sensible route."
dra_paper_qc_0183,home_and_work,lighting_smart_home,"Lighting, smart home, and household control",rental_security,evidence_reconciliation,source_probed_query_candidate,114,"I rent an apartment and want better entry monitoring without drilling or permanent wiring. I am trying to choose among battery video doorbell, indoor camera facing the entry, and standalone door and motion sensors, but the evidence appears to disagree: marketing promises security while users report missed clips, subscription locks, and intrusive recording. Reconcile the disagreement by checking whether the sources concern different users, conditions, measurements, time periods, or meanings. Then apply the result under these requirements: respect neighbors' privacy, usable evidence after an incident, no required long subscription, and easy removal. Finally, choose the least problematic security setup for a renter. Preserve uncertainty where the available evidence does not support one general conclusion."
dra_paper_qc_0184,home_and_work,lighting_smart_home,"Lighting, smart home, and household control",heating_control,constraint_match_and_select,source_probed_query_candidate,106,"My home office overheats while the rest of the apartment stays cold. I can see plausible arguments for smart thermostat and central heat adjustment, thermostatic space heater, and fan-assisted air circulation, which is why simple ratings are not helping. I need safe unattended operation, reasonable electricity use, comfortable eight-hour workday, and no building modifications. Build the comparison around those needs. Compare the ownership and usability trade-offs where they affect the decision, then recommend the control strategy that addresses the room imbalance rather than only adding automation. If the answer depends on a condition I have not considered, make that condition explicit rather than assuming it away."
dra_paper_qc_0185,home_and_work,lighting_smart_home,"Lighting, smart home, and household control",hallway_night_guidance,mechanism_to_case_application,source_probed_query_candidate,128,"I need dim nighttime guidance from bedrooms to the bathroom without fully waking sleepers or rewiring a rental. The options are plug-in motion night lights, battery motion light strips, and smart bulbs with motion sensor, and the technical explanations I encounter keep mentioning passive infrared detection, ambient-light sensing, detection zones, LED color temperature, standby power, and adaptation. I need to understand which parts of that mechanism are actually decision-relevant. My requirements are activate only in darkness, use warm low-level light, avoid false triggers behind closed doors, and retain a manual override. Trace the practical consequences for each option, including any condition that reverses the comparison, and choose the simplest sensor-and-light arrangement that reliably marks the route. Do not assume the most advanced-sounding design is automatically the best fit."
dra_paper_qc_0186,home_and_work,lighting_smart_home,"Lighting, smart home, and household control",whole_home_alarm_refresh,evidence_reconciliation,source_probed_query_candidate,129,"I need to replace aging alarms in a two-story home and want warnings to reach sleepers even when doors are closed. Simple ratings are not enough for interconnected hardwired smoke alarms, wirelessly interconnected battery alarms, and separate smoke and carbon-monoxide alarm network because combination devices simplify installation while homeowners report nuisance alerts, confusing end-of-life chirps, and network pairing failures. Separate claims that can coexist under different conditions from claims that genuinely cannot both be right. Then use these requirements to decide which evidence applies to me: signal across both floors, include backup power, distinguish smoke and carbon-monoxide warnings, and support routine testing. Finally, select an alarm architecture that prioritizes coverage, clear faults, and maintainable testing. I want an explanation of the exclusions and remaining uncertainty, not a popularity vote."
dra_paper_qc_0187,home_and_work,lighting_smart_home,"Lighting, smart home, and household control",laundry_leak_warning,constraint_match_and_select,source_probed_query_candidate,115,"A washing machine sits above finished rooms, and I want early leak detection while I am home or away. Before I spend money, I need a decision among standalone audible leak sensors, Wi-Fi leak sensors, and hub-based sensors with automatic shutoff valve. Please treat detect shallow spreading water, send a useful remote warning, retain local alarm during internet failure, and allow regular battery and sensor testing as real constraints, not preferences that can quietly disappear. Compare how the options behave in the stated use case, separate meaningful differences from marketing language, and choose a detection and response level proportional to the location's damage risk. Explain why the excluded options fail or require a specific compromise."
dra_paper_qc_0188,home_and_work,lighting_smart_home,"Lighting, smart home, and household control",apartment_floor_cleaning,mechanism_to_case_application,source_probed_query_candidate,131,"I have a small apartment with hard floors, rugs, pet hair, and chairs that are moved often. I am comparing basic robot vacuum, mapping robot vacuum, and robot vacuum and mop combination, but I do not want to choose from labels alone. Explain the decision-relevant effects of navigation sensors, mapping, suction airflow, brush geometry, obstacle detection, wheel traction, and mop cross-contamination in this case. Apply that explanation to these requirements: collect pet hair from rugs, avoid stairs and cables, work without a required subscription, and remain easy to empty and clean. Compare where each option benefits or runs into a limit, and select the automation level that reduces weekly work without creating equal maintenance. Keep the mechanism tied to the decision rather than turning the answer into a general technical overview."
dra_paper_qc_0189,home_and_work,lighting_smart_home,"Lighting, smart home, and household control",renter_entry_lock,evidence_reconciliation,source_probed_query_candidate,126,"I want keyless entry for guests in a rental but must preserve the existing exterior hardware and a physical-key fallback. I need a decision among interior retrofit smart lock, keypad lockbox, and temporary keypad deadbolt, yet smart locks advertise remote convenience while renters report motor jams, depleted batteries, landlord restrictions, and app-account dependence. Investigate why the claims diverge, including differences in product version, population, usage, measurement, and evidence attribution where relevant. After resolving what can be resolved, evaluate the choices against these requirements: no visible permanent alteration, allow revocable guest access, work during phone or network failure, and avoid locking out the tenant. Then choose the access method whose fallback remains under the renter's control. If the conflict remains bounded, state exactly what is still unknown."
dra_paper_qc_0190,home_and_work,lighting_smart_home,"Lighting, smart home, and household control",room_climate_measurement,constraint_match_and_select,source_probed_query_candidate,108,"Different rooms feel uncomfortable at different times, and I want measurements before changing heating or buying more appliances. The realistic choices seem to be standalone thermometer-hygrometer set, wireless multi-room climate sensors, and indoor air-quality monitor, and I keep finding advice aimed at very different users. My hard requirements are compare three rooms, record daily patterns, display humidity clearly, and avoid confusing uncalibrated metrics. Work out which choices genuinely remain after those requirements are applied, show what each surviving choice gives up, and select the minimum measurement system needed to diagnose room-to-room comfort differences. I would rather hear that a requirement is incompatible than get a generic best-of list."
dra_paper_qc_0191,home_and_work,lighting_smart_home,"Lighting, smart home, and household control",appliance_energy_visibility,mechanism_to_case_application,source_probed_query_candidate,126,"I want to identify which plug-in appliances drive electricity use before replacing working equipment. Product descriptions make plug-in energy meter, energy-monitoring smart plugs, and whole-home electricity monitor sound easy to compare, but the result seems to depend on voltage and current sampling, real versus apparent power, power factor, load limits, device signatures, and measurement resolution. Explain that mechanism in enough depth to evaluate the options against these requirements: measure standby and active use, compare several appliances, retain understandable historical data, and avoid unsafe use with high loads. Use it to distinguish a real advantage from a specification that may not matter here, and choose the measurement scope that can answer the household's actual replacement question. I am looking for a scenario-specific conclusion, not a universal ranking."
dra_paper_qc_0192,home_and_work,lighting_smart_home,"Lighting, smart home, and household control",rental_window_shading,evidence_reconciliation,source_probed_query_candidate,125,"A west-facing rental bedroom overheats in late afternoon, and I want automated shading without permanent wiring. Advice about retrofit smart blind motor, scheduled curtain opener, and light sensor with smart plug and motorized shade is pulling me in opposite directions. Automation products emphasize app control while renters report weak motors, calibration drift, noisy operation, and cloud-dependent schedules. Please determine whether this is a true contradiction or a scope difference, and explain which evidence should carry weight for my case. Use these requirements as the boundary of the decision: block direct afternoon sun, allow manual operation, mount without major damage, and continue basic schedules offline. Then select the least complex shading automation that meaningfully reduces solar gain. Do not average incompatible claims into a false consensus."
dra_paper_qc_0193,home_and_work,diy_tools_repair,"DIY, tools, and household repair",first_power_tool,constraint_match_and_select,source_probed_query_candidate,100,"I am furnishing a first home and need tools for shelves, flat-pack furniture, and occasional repairs. I am choosing among compact cordless drill, drill and impact-driver kit, and corded drill. The decision has to satisfy easy control for a beginner, drive screws and drill masonry occasionally, battery system with useful future tools, and maximum $250. Please compare the options as complete routes rather than as isolated specifications, explain the trade-offs that matter in this situation, and choose the first purchase that covers likely work without overspending. If none satisfies everything, identify the least damaging compromise instead of forcing a winner."
dra_paper_qc_0194,home_and_work,diy_tools_repair,"DIY, tools, and household repair",essential_hand_tools,mechanism_to_case_application,source_probed_query_candidate,124,"I want one compact hand-tool set for apartment repairs instead of a case full of filler. I need to decide among large all-in-one kit, small curated set of separate tools, and multitool plus a few full-size tools while meeting tight storage, basic plumbing and furniture work, replace individual pieces, and maximum $180. Please start from the underlying issue of tool geometry, material hardness, leverage, tolerances, and replaceability and show how it plays out in the specific use case: what it improves, what it cannot solve, and what new trade-off it creates. Then compare the options on that basis and select the kit strategy that maximizes useful capability rather than item count, with a conditional answer if the evidence supports more than one sensible route."
dra_paper_qc_0195,home_and_work,diy_tools_repair,"DIY, tools, and household repair",safe_high_reach,evidence_reconciliation,source_probed_query_candidate,112,"I need to change ceiling lights and paint trim in rooms with ten-foot ceilings. I am trying to choose among tall step ladder, adjustable multi-position ladder, and work platform plus extension pole, but the evidence appears to disagree: compact ladders promise versatility while users report weight, pinching hinges, and unstable configurations. Reconcile the disagreement by checking whether the sources concern different users, conditions, measurements, time periods, or meanings. Then apply the result under these requirements: stable for one person, store in a closet, use on stairs occasionally, and avoid overreaching. Finally, choose the access method with the safest realistic setup. Preserve uncertainty where the available evidence does not support one general conclusion."
dra_paper_qc_0196,home_and_work,diy_tools_repair,"DIY, tools, and household repair",mounting_rental,constraint_match_and_select,source_probed_query_candidate,110,"I need to mount shelves and a heavy mirror but do not know what is behind every wall. I can see plausible arguments for plastic expansion anchors, toggle anchors, and construction adhesive and hooks, which is why simple ratings are not helping. I need mixed drywall and masonry, known load margins, limited wall damage, and removable where possible. Build the comparison around those needs. Compare the ownership and usability trade-offs where they affect the decision, then recommend a mounting strategy and explain what must be verified before trusting the rating. If the answer depends on a condition I have not considered, make that condition explicit rather than assuming it away."
dra_paper_qc_0197,home_and_work,diy_tools_repair,"DIY, tools, and household repair",first_home_saw,mechanism_to_case_application,source_probed_query_candidate,120,"I need to shorten shelves, cut trim, and break down occasional sheet material in a small garage. The options are compact circular saw, jigsaw, and sliding miter saw, and the technical explanations I encounter keep mentioning blade guidance, tooth geometry, cutting depth, base stability, workpiece support, kickback, and dust. I need to understand which parts of that mechanism are actually decision-relevant. My requirements are make straight repeatable cuts, handle simple curves occasionally, store on a shelf, and support beginner-safe workholding. Trace the practical consequences for each option, including any condition that reverses the comparison, and choose the first saw based on the dominant cuts and safe support available. Do not assume the most advanced-sounding design is automatically the best fit."
dra_paper_qc_0198,home_and_work,diy_tools_repair,"DIY, tools, and household repair",furniture_surface_prep,evidence_reconciliation,source_probed_query_candidate,120,"I want to refinish small tables and cabinets without filling the apartment with dust or damaging edges. Simple ratings are not enough for random-orbit sander, detail sander, and hand sanding block set because powered sanders advertise fast removal while furniture restorers warn about veneer damage, lost detail, and poor dust collection. Separate claims that can coexist under different conditions from claims that genuinely cannot both be right. Then use these requirements to decide which evidence applies to me: remove worn finish, control dust indoors, reach corners and profiles, and avoid deep swirl marks. Finally, select a mixed sanding workflow that controls removal rate by surface type. I want an explanation of the exclusions and remaining uncertainty, not a popularity vote."
dra_paper_qc_0199,home_and_work,diy_tools_repair,"DIY, tools, and household repair",room_painting_setup,constraint_match_and_select,source_probed_query_candidate,114,"I am repainting two rooms with walls, trim, and a textured ceiling and want a reusable setup rather than disposable gimmicks. Before I spend money, I need a decision among roller tray and brush kit, paint roller with reservoir, and compact airless paint sprayer. Please treat produce even wall coverage, cut cleanly around trim, limit overspray and cleanup, and reuse tools for future touch-ups as real constraints, not preferences that can quietly disappear. Compare how the options behave in the stated use case, separate meaningful differences from marketing language, and choose the application system with the lowest total effort for this project scale. Explain why the excluded options fail or require a specific compromise."
dra_paper_qc_0200,home_and_work,diy_tools_repair,"DIY, tools, and household repair",accurate_layout_tools,mechanism_to_case_application,source_probed_query_candidate,125,"I install shelves, frames, and curtain hardware alone and need reliable horizontal and repeated measurements. I am comparing spirit level and tape measure, cross-line laser level, and digital angle level, but I do not want to choose from labels alone. Explain the decision-relevant effects of bubble vial geometry, laser projection, angular error over distance, reference surfaces, parallax, and calibration in this case. Apply that explanation to these requirements: project level across a room, work in bright indoor light, allow one-person setup, and verify calibration simply. Compare where each option benefits or runs into a limit, and choose a primary layout tool and an independent way to verify it. Keep the mechanism tied to the decision rather than turning the answer into a general technical overview."
dra_paper_qc_0201,home_and_work,diy_tools_repair,"DIY, tools, and household repair",small_electronics_repair,evidence_reconciliation,source_probed_query_candidate,129,"I want to repair loose wires in toys, lamps, and small audio cables at a desk with limited ventilation. I need a decision among temperature-controlled soldering iron, portable USB soldering iron, and solderless crimp connector kit, yet portable irons emphasize convenience while repair users report slow thermal recovery, poor tips, and mechanically weak joints from bad technique. Investigate why the claims diverge, including differences in product version, population, usage, measurement, and evidence attribution where relevant. After resolving what can be resolved, evaluate the choices against these requirements: join thin wires reliably, control heat near plastic, store in a drawer, and manage fumes and hot-tool safety. Then select the joining method and essential accessories appropriate to occasional bench repairs. If the conflict remains bounded, state exactly what is still unknown."
dra_paper_qc_0202,home_and_work,diy_tools_repair,"DIY, tools, and household repair",under_sink_drip_repair,constraint_match_and_select,source_probed_query_candidate,115,"A removable connection beneath the kitchen sink drips occasionally, and I want tools for diagnosis and minor fitting work. The realistic choices seem to be adjustable wrench and pliers set, basin wrench kit, and plastic plumbing multitool, and I keep finding advice aimed at very different users. My hard requirements are fit a cramped cabinet, avoid crushing plastic fittings, grip several nut sizes, and remain useful for future simple repairs. Work out which choices genuinely remain after those requirements are applied, show what each surviving choice gives up, and choose the tool set and diagnostic order that minimize unnecessary disassembly. I would rather hear that a requirement is incompatible than get a generic best-of list."
dra_paper_qc_0203,home_and_work,diy_tools_repair,"DIY, tools, and household repair",dust_eye_hearing_protection,mechanism_to_case_application,source_probed_query_candidate,134,"I do occasional drilling, sanding, and sawing and need protective equipment that is comfortable enough to wear every time. Product descriptions make separate safety glasses respirator and earmuffs, full-face respirator with earplugs, and integrated face shield and hearing protection sound easy to compare, but the result seems to depend on filter efficiency, face seal, impact resistance, optical coverage, sound attenuation, fit interference, and heat buildup. Explain that mechanism in enough depth to evaluate the options against these requirements: protect against fine dust and chips, fit with prescription glasses, reduce tool noise, and remain practical for short tasks. Use it to distinguish a real advantage from a specification that may not matter here, and assemble compatible protection that covers the hazards and remains wearable. I am looking for a scenario-specific conclusion, not a universal ranking."
dra_paper_qc_0204,home_and_work,diy_tools_repair,"DIY, tools, and household repair",portable_tool_storage,evidence_reconciliation,source_probed_query_candidate,129,"My tools live in a closet and must move between rooms without small parts disappearing into one deep box. Advice about open tool tote, stackable modular toolbox, and drawer-style portable tool chest is pulling me in opposite directions. Modular systems promise unlimited expansion while users report heavy stacks, proprietary lock-in, and wasted volume around molded compartments. Please determine whether this is a true contradiction or a scope difference, and explain which evidence should carry weight for my case. Use these requirements as the boundary of the decision: organize hand tools and fasteners, carry on stairs, fit a narrow closet, and expand without replacing everything. Then choose a storage architecture based on movement frequency and item size rather than maximum capacity. Do not average incompatible claims into a false consensus."
dra_paper_qc_0205,home_and_work,garden_patio,"Garden, patio, and outdoor home care",small_lawn,constraint_match_and_select,source_probed_query_candidate,95,"I have a small suburban lawn, little storage, and neighbors who dislike weekend noise. I am choosing among battery mower, corded electric mower, and manual reel mower. The decision has to satisfy cut damp grass occasionally, store upright, finish in forty minutes, and low noise and maintenance. Please compare the options as complete routes rather than as isolated specifications, explain the trade-offs that matter in this situation, and choose the mower type that fits the lawn rather than the broadest specifications. If none satisfies everything, identify the least damaging compromise instead of forcing a winner."
dra_paper_qc_0206,home_and_work,garden_patio,"Garden, patio, and outdoor home care",water_smart_beds,mechanism_to_case_application,source_probed_query_candidate,115,"I need to water raised vegetable beds during hot summers without standing outside every evening. I need to decide among drip irrigation kit, soaker hoses, and oscillating sprinkler with timer while meeting cover four beds, minimize evaporation, handle uneven pressure, and easy winter shutdown. Please start from the underlying issue of flow rate, pressure loss, evaporation, soil infiltration, and emitter clogging and show how it plays out in the specific use case: what it improves, what it cannot solve, and what new trade-off it creates. Then compare the options on that basis and recommend the irrigation approach most robust to ordinary maintenance, with a conditional answer if the evidence supports more than one sensible route."
dra_paper_qc_0207,home_and_work,garden_patio,"Garden, patio, and outdoor home care",all_weather_seating,evidence_reconciliation,source_probed_query_candidate,105,"Our uncovered patio gets strong sun, rain, and winter freezes. I am trying to choose among powder-coated metal furniture, solid wood furniture, and molded resin furniture, but the evidence appears to disagree: weatherproof labels conflict with long-term reports of fading, rust, splitting, and loose joints. Reconcile the disagreement by checking whether the sources concern different users, conditions, measurements, time periods, or meanings. Then apply the result under these requirements: comfortable for six, survive outdoors, repairable finish, and maximum $1,500. Finally, choose the material system whose maintenance we are most likely to perform. Preserve uncertainty where the available evidence does not support one general conclusion."
dra_paper_qc_0208,home_and_work,garden_patio,"Garden, patio, and outdoor home care",humane_pest_control,constraint_match_and_select,source_probed_query_candidate,106,"Mice and insects are appearing in a garage, and I want control that is effective around pets. I can see plausible arguments for ultrasonic repellent, enclosed mechanical traps, and sealing gaps plus targeted bait stations, which is why simple ratings are not helping. I need minimize pet exposure, show whether the method works, avoid recurring infestation, and reasonable cleanup. Build the comparison around those needs. Compare the ownership and usability trade-offs where they affect the decision, then reconcile the claims and choose a defensible control plan. If the answer depends on a condition I have not considered, make that condition explicit rather than assuming it away."
dra_paper_qc_0209,home_and_work,garden_patio,"Garden, patio, and outdoor home care",pruning_small_yard,mechanism_to_case_application,source_probed_query_candidate,139,"I maintain shrubs, young trees, and woody perennials in a small yard and want clean cuts without a collection of overlapping tools. The options are bypass pruner and folding saw, ratcheting hand pruner, and compact cordless pruning saw, and the technical explanations I encounter keep mentioning bypass versus anvil shear, tooth geometry, leverage, branch collar biology, blade sharpness, and crush damage. I need to understand which parts of that mechanism are actually decision-relevant. My requirements are cut live stems of varied diameter, control cuts near healthy branches, work with moderate hand strength, and clean and sharpen the tools. Trace the practical consequences for each option, including any condition that reverses the comparison, and choose the minimum pruning set that preserves cut quality across the real branch sizes. Do not assume the most advanced-sounding design is automatically the best fit."
dra_paper_qc_0210,home_and_work,garden_patio,"Garden, patio, and outdoor home care",small_space_compost,evidence_reconciliation,source_probed_query_candidate,133,"I want to process kitchen scraps and a modest amount of garden waste without creating persistent odor beside a small patio. Simple ratings are not enough for ventilated compost tumbler, stackable worm bin, and enclosed stationary compost bin because tumblers promise fast compost while users report small batches, wet clumps, poor heating, and confusion between finishing and initial breakdown. Separate claims that can coexist under different conditions from claims that genuinely cannot both be right. Then use these requirements to decide which evidence applies to me: fit a limited outdoor space, discourage rodents and flies, handle weekly food scraps, and produce usable material with manageable labor. Finally, select the system whose biological requirements match the available feedstock and maintenance. I want an explanation of the exclusions and remaining uncertainty, not a popularity vote."
dra_paper_qc_0211,home_and_work,garden_patio,"Garden, patio, and outdoor home care",balcony_container_garden,constraint_match_and_select,source_probed_query_candidate,107,"A sunny apartment balcony needs containers for herbs and compact vegetables, but water can drip onto neighbors below. Before I spend money, I need a decision among self-watering planters, fabric grow bags with trays, and traditional pots with saucers. Please treat control runoff, keep roots aerated, withstand hot afternoon sun, and remain movable by one person as real constraints, not preferences that can quietly disappear. Compare how the options behave in the stated use case, separate meaningful differences from marketing language, and choose a container system and watering routine suited to balcony heat and runoff limits. Explain why the excluded options fail or require a specific compromise."
dra_paper_qc_0212,home_and_work,garden_patio,"Garden, patio, and outdoor home care",autumn_leaf_cleanup,mechanism_to_case_application,source_probed_query_candidate,131,"A medium yard receives heavy autumn leaves, but storage is tight and nearby neighbors are sensitive to noise. I am comparing battery leaf blower, corded blower vacuum, and wide rake with collection tarp, but I do not want to choose from labels alone. Explain the decision-relevant effects of air speed versus air volume, leaf moisture adhesion, battery energy, shredding, raking leverage, and acoustic output in this case. Apply that explanation to these requirements: clear damp leaves, keep noise moderate, move material to compost, and store in a small shed. Compare where each option benefits or runs into a limit, and choose the cleanup method with the lowest whole-task burden for the yard and neighbors. Keep the mechanism tied to the decision rather than turning the answer into a general technical overview."
dra_paper_qc_0213,home_and_work,garden_patio,"Garden, patio, and outdoor home care",removable_patio_shade,evidence_reconciliation,source_probed_query_candidate,128,"An uncovered rental patio becomes unusably hot at midday, but I cannot attach a permanent awning to the building. I need a decision among cantilever patio umbrella, freestanding shade sail frame, and portable pop-up canopy, yet large shade products promise broad coverage while owners report moving shadows, unstable bases, torn fabric, and burdensome storage. Investigate why the claims diverge, including differences in product version, population, usage, measurement, and evidence attribution where relevant. After resolving what can be resolved, evaluate the choices against these requirements: shade a table for four, remain stable in ordinary breezes, remove before severe weather, and store during winter. Then choose the shade structure whose anchoring and daily handling are realistic for a rental. If the conflict remains bounded, state exactly what is still unknown."
dra_paper_qc_0214,home_and_work,garden_patio,"Garden, patio, and outdoor home care",small_patio_cooking,constraint_match_and_select,source_probed_query_candidate,116,"I cook outside for two to four people on a compact patio and want easy weeknight use with occasional slow cooking. The realistic choices seem to be compact gas grill, electric outdoor grill, and small charcoal kettle, and I keep finding advice aimed at very different users. My hard requirements are fit limited floor space, reach controllable cooking heat, keep cleanup reasonable, and respect typical smoke concerns. Work out which choices genuinely remain after those requirements are applied, show what each surviving choice gives up, and select the cooking system most likely to be used regularly within space and smoke constraints. I would rather hear that a requirement is incompatible than get a generic best-of list."
dra_paper_qc_0215,home_and_work,garden_patio,"Garden, patio, and outdoor home care",hose_end_watering,mechanism_to_case_application,source_probed_query_candidate,124,"I hand-water containers, delicate seedlings, and a muddy garden path from one outdoor tap. Product descriptions make multi-pattern hose nozzle, long watering wand, and high-flow thumb-control nozzle sound easy to compare, but the result seems to depend on flow restriction, pressure, droplet size, lever ergonomics, seal wear, reach moment, and connector leakage. Explain that mechanism in enough depth to evaluate the options against these requirements: provide a gentle shower, reach hanging baskets, rinse soil from hard surfaces, and avoid tiring grip pressure. Use it to distinguish a real advantage from a specification that may not matter here, and choose the nozzle form that covers the actual pressure and reach needs with simple controls. I am looking for a scenario-specific conclusion, not a universal ranking."
dra_paper_qc_0216,home_and_work,garden_patio,"Garden, patio, and outdoor home care",bird_feeding_cleanup,evidence_reconciliation,source_probed_query_candidate,120,"I want to observe small birds from the patio without scattering excessive seed or attracting larger animals. Advice about tube seed feeder, caged feeder, and window-mounted feeder is pulling me in opposite directions. Animal-resistant feeders promise exclusion while birders report determined visitors, moldy seed, window risks, and substantial maintenance. Please determine whether this is a true contradiction or a scope difference, and explain which evidence should carry weight for my case. Use these requirements as the boundary of the decision: serve small birds, limit access by larger animals, allow frequent cleaning, and reduce wet spilled seed. Then choose the feeder and placement plan that balances observation with sanitation and spill control. Do not average incompatible claims into a false consensus."
dra_paper_qc_0217,media_and_creativity,music_recording,Music listening and home recording,physical_music,constraint_match_and_select,source_probed_query_candidate,104,"I want a more intentional way to listen at home instead of skipping through playlists. I am choosing among entry turntable setup, compact CD player setup, and network music streamer. The decision has to satisfy good sound at moderate volume, easy access to a growing library, maximum $700, and avoid a room full of fragile equipment. Please compare the options as complete routes rather than as isolated specifications, explain the trade-offs that matter in this situation, and choose the format and equipment path that best supports the desired listening habit. If none satisfies everything, identify the least damaging compromise instead of forcing a winner."
dra_paper_qc_0218,media_and_creativity,music_recording,Music listening and home recording,small_room_mixing,mechanism_to_case_application,source_probed_query_candidate,119,"I am learning to mix music in a small untreated bedroom. I need to decide among small studio monitors, open-back reference headphones, and closed-back headphones plus correction software while meeting work quietly at night, hear balance and bass problems, maximum $500, and avoid misleading room reflections. Please start from the underlying issue of frequency response, room modes, stereo imaging, isolation, and headphone transfer functions and show how it plays out in the specific use case: what it improves, what it cannot solve, and what new trade-off it creates. Then compare the options on that basis and select the monitoring strategy that produces the most transferable mixes, with a conditional answer if the evidence supports more than one sensible route."
dra_paper_qc_0219,media_and_creativity,music_recording,Music listening and home recording,voice_recording,evidence_reconciliation,source_probed_query_candidate,108,"I record spoken tutorials in a reflective apartment near traffic. I am trying to choose among USB condenser microphone, USB dynamic microphone, and XLR dynamic microphone with interface, but the evidence appears to disagree: condenser microphones are marketed as detailed while users in untreated rooms often prefer dynamic models. Reconcile the disagreement by checking whether the sources concern different users, conditions, measurements, time periods, or meanings. Then apply the result under these requirements: clear speech, reject room and street noise, simple editing workflow, and maximum $350. Finally, choose the recording chain whose physics fits the room. Preserve uncertainty where the available evidence does not support one general conclusion."
dra_paper_qc_0220,media_and_creativity,music_recording,Music listening and home recording,first_instrument,constraint_match_and_select,source_probed_query_candidate,101,"An adult beginner wants an instrument that can be practiced quietly and carried to lessons. I can see plausible arguments for compact digital keyboard, acoustic guitar, and ukulele, which is why simple ratings are not helping. I need maximum $450, quiet practice option, learn recognizable songs quickly, and not outgrown immediately. Build the comparison around those needs. Compare the ownership and usability trade-offs where they affect the decision, then recommend the instrument path most likely to sustain six months of practice. If the answer depends on a condition I have not considered, make that condition explicit rather than assuming it away."
dra_paper_qc_0221,media_and_creativity,music_recording,Music listening and home recording,first_audio_interface,mechanism_to_case_application,source_probed_query_candidate,131,"I want to record one microphone and one instrument at home, monitor through headphones, and leave room for occasional collaboration. The options are two-input USB audio interface, compact mixer with USB, and portable multitrack recorder used as interface, and the technical explanations I encounter keep mentioning preamplifier gain and noise, analog-to-digital conversion, driver latency, input routing, phantom power, and headphone output. I need to understand which parts of that mechanism are actually decision-relevant. My requirements are provide clean microphone gain, support direct low-latency monitoring, record two sources separately, and maximum $300. Trace the practical consequences for each option, including any condition that reverses the comparison, and choose the recording front end whose routing and gain fit the actual sources. Do not assume the most advanced-sounding design is automatically the best fit."
dra_paper_qc_0222,media_and_creativity,music_recording,Music listening and home recording,compact_midi_control,evidence_reconciliation,source_probed_query_candidate,130,"I compose with software in a small room and need tactile note entry and basic parameter control without a full piano-sized keyboard. Simple ratings are not enough for twenty-five-key MIDI controller, forty-nine-key MIDI controller, and pad controller with mini keys because compact controllers advertise portability while musicians report cramped voicings, inconsistent pads, and control surfaces that interrupt workflow. Separate claims that can coexist under different conditions from claims that genuinely cannot both be right. Then use these requirements to decide which evidence applies to me: play two-handed chord ideas, control drums and software parameters, fit on a shallow desk, and work through one cable. Finally, choose the smallest controller that still supports the intended musical gestures. I want an explanation of the exclusions and remaining uncertainty, not a popularity vote."
dra_paper_qc_0223,media_and_creativity,music_recording,Music listening and home recording,portable_ambient_recording,constraint_match_and_select,source_probed_query_candidate,102,"I want to capture rehearsals, interviews, and outdoor ambience without carrying a laptop. Before I spend money, I need a decision among stereo handheld recorder, phone microphone attachment, and compact field recorder with external inputs. Please treat record clear stereo ambience, handle moderately loud rehearsals, operate for several hours, and transfer files simply as real constraints, not preferences that can quietly disappear. Compare how the options behave in the stated use case, separate meaningful differences from marketing language, and select the portable recording format whose controls match the least predictable environment. Explain why the excluded options fail or require a specific compromise."
dra_paper_qc_0224,media_and_creativity,music_recording,Music listening and home recording,bedroom_acoustic_control,mechanism_to_case_application,source_probed_query_candidate,127,"Spoken recordings in my bedroom have obvious echo, but I cannot permanently alter the walls. I am comparing portable absorption panels, thick curtains and movable blankets, and reflection filter behind the microphone, but I do not want to choose from labels alone. Explain the decision-relevant effects of porous absorption, material thickness, reflection paths, room reverberation, low-frequency limits, and microphone placement in this case. Apply that explanation to these requirements: reduce early room reflections, set up and store quickly, avoid making the room unusable, and maximum $450. Compare where each option benefits or runs into a limit, and choose a removable treatment plan based on reflection paths rather than product labels. Keep the mechanism tied to the decision rather than turning the answer into a general technical overview."
dra_paper_qc_0225,media_and_creativity,music_recording,Music listening and home recording,quiet_guitar_amplification,evidence_reconciliation,source_probed_query_candidate,127,"I practice electric guitar in an apartment and occasionally play with friends, but loud speaker use is limited. I need a decision among small modeling amplifier, headphone guitar amplifier, and audio interface with amplifier software, yet software rigs offer endless sounds while players report latency, option overload, and computer setup reducing spontaneous practice. Investigate why the claims diverge, including differences in product version, population, usage, measurement, and evidence attribution where relevant. After resolving what can be resolved, evaluate the choices against these requirements: sound usable through headphones, allow low-volume speaker practice, provide several basic tones, and set up without excessive cabling. Then choose the amplification path most likely to support frequent quiet practice and occasional sharing. If the conflict remains bounded, state exactly what is still unknown."
dra_paper_qc_0226,media_and_creativity,music_recording,Music listening and home recording,timing_and_tuning_tools,constraint_match_and_select,source_probed_query_candidate,113,"A beginner practices guitar and keyboard and needs dependable timing and tuning feedback without constant phone notifications. The realistic choices seem to be clip-on tuner and mechanical metronome, combined electronic tuner-metronome, and practice app with external microphone, and I keep finding advice aimed at very different users. My hard requirements are detect quiet instrument notes, provide clear adjustable tempo, work without internet, and remain simple during lessons. Work out which choices genuinely remain after those requirements are applied, show what each surviving choice gives up, and select the feedback tool set that removes friction from short daily practice. I would rather hear that a requirement is incompatible than get a generic best-of list."
dra_paper_qc_0227,media_and_creativity,music_recording,Music listening and home recording,sustain_pedal_and_stand,mechanism_to_case_application,source_probed_query_candidate,141,"I practice a portable digital keyboard at home and need stable playing height plus a pedal that does not slide away. Product descriptions make X-style stand with square pedal, table-style keyboard stand with piano pedal, and furniture-style stand and fixed pedal unit sound easy to compare, but the result seems to depend on stand geometry, lateral stiffness, center of mass, height adjustment, pedal polarity, floor friction, and ankle position. Explain that mechanism in enough depth to evaluate the options against these requirements: remain stable during two-handed playing, support seated posture, keep the pedal positioned, and fold or move when guests visit. Use it to distinguish a real advantage from a specification that may not matter here, and choose the support system whose geometry fits both playing posture and room constraints. I am looking for a scenario-specific conclusion, not a universal ranking."
dra_paper_qc_0228,media_and_creativity,music_recording,Music listening and home recording,wood_instrument_storage,evidence_reconciliation,source_probed_query_candidate,133,"An acoustic guitar must be stored in a home that becomes dry in winter and humid in summer. Advice about hard case with passive humidifier, soft gig bag with room humidifier, and wall hanger with monitored room humidity is pulling me in opposite directions. Cases are praised for protection while players report forgotten instruments, over-humidification, leaking devices, and inaccurate small gauges. Please determine whether this is a true contradiction or a scope difference, and explain which evidence should carry weight for my case. Use these requirements as the boundary of the decision: moderate seasonal moisture changes, protect against household bumps, allow convenient daily practice, and make humidity easy to check. Then choose a storage and monitoring routine that balances environmental stability with regular access. Do not average incompatible claims into a false consensus."
dra_paper_qc_0229,media_and_creativity,movies_tv_home_theater,"Movies, television, and home theater",bright_living_room_tv,constraint_match_and_select,source_probed_query_candidate,87,"I watch sports in a bright living room by day and films at night. I am choosing among OLED television, quantum-dot LCD television, and standard LED LCD television. The decision has to satisfy 65-inch size, good motion, visible in daylight, and five-year ownership. Please compare the options as complete routes rather than as isolated specifications, explain the trade-offs that matter in this situation, and choose the display technology that best fits mixed viewing. If none satisfies everything, identify the least damaging compromise instead of forcing a winner."
dra_paper_qc_0230,media_and_creativity,movies_tv_home_theater,"Movies, television, and home theater",rental_big_screen,mechanism_to_case_application,source_probed_query_candidate,122,"I rent a small apartment and want a large movie image without mounting a huge television. I need to decide among short-throw projector, portable projector, and large television on a stand while meeting image around 100 inches if practical, moderate ambient light, quiet fan, and easy moving. Please start from the underlying issue of throw ratio, luminous output, contrast, screen gain, and acoustic noise and show how it plays out in the specific use case: what it improves, what it cannot solve, and what new trade-off it creates. Then compare the options on that basis and select the route that will still feel usable outside a perfectly dark demo, with a conditional answer if the evidence supports more than one sensible route."
dra_paper_qc_0231,media_and_creativity,movies_tv_home_theater,"Movies, television, and home theater",clear_dialogue,evidence_reconciliation,source_probed_query_candidate,115,"Movie dialogue is hard to follow at home, but I cannot run speaker wire around the room. I am trying to choose among premium soundbar, soundbar with wireless subwoofer and surrounds, and two powered stereo speakers, but the evidence appears to disagree: surround marketing favors more channels while users disagree about dialogue modes and music quality. Reconcile the disagreement by checking whether the sources concern different users, conditions, measurements, time periods, or meanings. Then apply the result under these requirements: clear speech at low volume, simple television control, limited floor space, and maximum $900. Finally, choose the audio layout that addresses speech first. Preserve uncertainty where the available evidence does not support one general conclusion."
dra_paper_qc_0232,media_and_creativity,movies_tv_home_theater,"Movies, television, and home theater",streaming_upgrade,constraint_match_and_select,source_probed_query_candidate,103,"My television apps are slow, and I want one reliable device for several streaming services. I can see plausible arguments for budget streaming stick, premium streaming box, and game console as media player, which is why simple ratings are not helping. I need fast navigation, broad codec support, stable Wi-Fi or Ethernet, and reasonable privacy controls. Build the comparison around those needs. Compare the ownership and usability trade-offs where they affect the decision, then recommend the platform with the best long-term viewing experience. If the answer depends on a condition I have not considered, make that condition explicit rather than assuming it away."
dra_paper_qc_0233,media_and_creativity,movies_tv_home_theater,"Movies, television, and home theater",low_latency_console_display,mechanism_to_case_application,source_probed_query_candidate,116,"I play console games from a sofa but also use the screen for films and ordinary television. The options are gaming television, large gaming monitor, and low-latency projector, and the technical explanations I encounter keep mentioning input latency, refresh rate, variable refresh, pixel response, viewing distance, and image scaling. I need to understand which parts of that mechanism are actually decision-relevant. My requirements are responsive controls, clear motion, comfortable viewing from eight feet, and maximum $1,200. Trace the practical consequences for each option, including any condition that reverses the comparison, and choose the display class that best balances responsive play with shared-room viewing. Do not assume the most advanced-sounding design is automatically the best fit."
dra_paper_qc_0234,media_and_creativity,movies_tv_home_theater,"Movies, television, and home theater",shared_room_accessible_audio,evidence_reconciliation,source_probed_query_candidate,119,"One person in our household needs clearer television sound while everyone else prefers a normal room volume. Simple ratings are not enough for wireless television headphones, personal neck speaker, and dialogue-enhancing soundbar because accessibility products promise clearer speech, but owners report lip-sync delay, awkward pairing, and outputs that mute the main speakers. Separate claims that can coexist under different conditions from claims that genuinely cannot both be right. Then use these requirements to decide which evidence applies to me: independent volume control, minimal audio delay, others can listen simultaneously, and simple daily operation. Finally, select the listening setup that improves intelligibility without disrupting shared viewing. I want an explanation of the exclusions and remaining uncertainty, not a popularity vote."
dra_paper_qc_0235,media_and_creativity,movies_tv_home_theater,"Movies, television, and home theater",backyard_movie_nights,constraint_match_and_select,source_probed_query_candidate,102,"I want occasional backyard movie nights for a dozen people without leaving equipment outside. Before I spend money, I need a decision among portable projector and screen, outdoor-rated television, and indoor projector carried outside. Please treat visible after sunset, audible to a small group, setup within twenty minutes, and safe indoor storage afterward as real constraints, not preferences that can quietly disappear. Compare how the options behave in the stated use case, separate meaningful differences from marketing language, and choose the temporary viewing system that is practical for repeated backyard use. Explain why the excluded options fail or require a specific compromise."
dra_paper_qc_0236,media_and_creativity,movies_tv_home_theater,"Movies, television, and home theater",physical_disc_library,mechanism_to_case_application,source_probed_query_candidate,128,"I own many DVDs and Blu-ray discs and want dependable playback after my old player failed. I am comparing dedicated disc player, game console with optical drive, and computer optical drive and media software, but I do not want to choose from labels alone. Explain the decision-relevant effects of optical disc formats, region coding, copy protection, video decoding, upscaling, and HDMI audio transport in this case. Apply that explanation to these requirements: play both DVD and Blu-ray, quiet operation, simple chapter navigation, and use existing television and receiver. Compare where each option benefits or runs into a limit, and select the playback route that keeps a physical library convenient to use. Keep the mechanism tied to the decision rather than turning the answer into a general technical overview."
dra_paper_qc_0237,media_and_creativity,movies_tv_home_theater,"Movies, television, and home theater",small_room_music_movies,evidence_reconciliation,source_probed_query_candidate,128,"My small living room needs one audio system for music and movies, and I care about stereo music more than surround effects. I need a decision among powered bookshelf speakers, compact stereo amplifier and passive speakers, and music-focused soundbar, yet soundbars promise simplicity while audio communities favor separated speakers but disagree about amplification and placement in tight rooms. Investigate why the claims diverge, including differences in product version, population, usage, measurement, and evidence attribution where relevant. After resolving what can be resolved, evaluate the choices against these requirements: convincing stereo image, understandable film dialogue, connect television and phone, and fit on one media console. Then choose the compact architecture that gives music priority without making films inconvenient. If the conflict remains bounded, state exactly what is still unknown."
dra_paper_qc_0238,media_and_creativity,movies_tv_home_theater,"Movies, television, and home theater",dorm_private_screen,constraint_match_and_select,source_probed_query_candidate,108,"I share a dorm room and need a screen for late-night shows that packs away during the day. The realistic choices seem to be portable monitor, large tablet, and pico projector, and I keep finding advice aimed at very different users. My hard requirements are headphone listening, usable from a bed, store in a drawer, and connect to a laptop or phone. Work out which choices genuinely remain after those requirements are applied, show what each surviving choice gives up, and choose the personal viewing format that works reliably in a shared room. I would rather hear that a requirement is incompatible than get a generic best-of list."
dra_paper_qc_0239,media_and_creativity,movies_tv_home_theater,"Movies, television, and home theater",cord_cutting_local_channels,mechanism_to_case_application,source_probed_query_candidate,128,"I want local news and major broadcast programs after canceling cable, but reception at my apartment is uncertain. Product descriptions make indoor antenna connected directly, indoor antenna with network tuner, and live television streaming service sound easy to compare, but the result seems to depend on terrestrial broadcasting, antenna gain, multipath reception, network tuners, recording storage, and streaming rights. Explain that mechanism in enough depth to evaluate the options against these requirements: receive local stations, watch on two televisions, pause or record when practical, and keep recurring costs low. Use it to distinguish a real advantage from a specification that may not matter here, and choose a local-channel strategy and define what reception evidence would change it. I am looking for a scenario-specific conclusion, not a universal ranking."
dra_paper_qc_0240,media_and_creativity,movies_tv_home_theater,"Movies, television, and home theater",family_media_control,evidence_reconciliation,source_probed_query_candidate,117,"Our family television has several remotes and inputs, and visitors cannot reliably start a movie. Advice about universal remote control, streaming-device remote with HDMI control, and voice-controlled media hub is pulling me in opposite directions. Automation products promise one-touch control while owners report missed power states, incompatible commands, and fragile voice routines. Please determine whether this is a true contradiction or a scope difference, and explain which evidence should carry weight for my case. Use these requirements as the boundary of the decision: one-button startup, control television and audio, work without a phone, and retain manual fallback. Then select the control approach least likely to confuse occasional users. Do not average incompatible claims into a false consensus."
dra_paper_qc_0241,media_and_creativity,reading_writing,"Reading, note-taking, and writing tools",commuter_reader,constraint_match_and_select,source_probed_query_candidate,93,"I read on trains and before bed and want to carry fewer paperbacks. I am choosing among e-ink reader, small tablet, and continue with printed books. The decision has to satisfy read comfortably in sunlight, low distraction, library access, and use for at least five years. Please compare the options as complete routes rather than as isolated specifications, explain the trade-offs that matter in this situation, and choose the reading format that best supports the habit rather than novelty. If none satisfies everything, identify the least damaging compromise instead of forcing a winner."
dra_paper_qc_0242,media_and_creativity,reading_writing,"Reading, note-taking, and writing tools",meeting_notes,mechanism_to_case_application,source_probed_query_candidate,113,"I take handwritten meeting notes but need them searchable and organized later. I need to decide among paper notebook with scanning, e-ink note tablet, and regular tablet with stylus while meeting fast handwriting, reliable export, search or indexing, and maximum $700. Please start from the underlying issue of handwriting input latency, optical character recognition, file synchronization, and cognitive encoding and show how it plays out in the specific use case: what it improves, what it cannot solve, and what new trade-off it creates. Then compare the options on that basis and select the workflow with the lowest long-term organizational friction, with a conditional answer if the evidence supports more than one sensible route."
dra_paper_qc_0243,media_and_creativity,reading_writing,"Reading, note-taking, and writing tools",everyday_pen,evidence_reconciliation,source_probed_query_candidate,109,"I write several pages a day and want a pen that is pleasant without becoming a maintenance hobby. I am trying to choose among fountain pen, gel pen, and ballpoint pen, but the evidence appears to disagree: enthusiasts praise fountain-pen feel while everyday users report smearing, leaks, and paper sensitivity. Reconcile the disagreement by checking whether the sources concern different users, conditions, measurements, time periods, or meanings. Then apply the result under these requirements: smooth on ordinary office paper, quick drying, comfortable grip, and low recurring cost. Finally, choose the pen type that fits sustained practical writing. Preserve uncertainty where the available evidence does not support one general conclusion."
dra_paper_qc_0244,media_and_creativity,reading_writing,"Reading, note-taking, and writing tools",night_reading_light,constraint_match_and_select,source_probed_query_candidate,103,"I read in bed while my partner sleeps and my current lamp lights the whole room. I can see plausible arguments for clip-on book light, adjustable bedside lamp, and wearable neck light, which is why simple ratings are not helping. I need illuminate one page, low glare, warm dim setting, and comfortable for an hour. Build the comparison around those needs. Compare the ownership and usability trade-offs where they affect the decision, then choose the lighting form that creates a private reading zone. If the answer depends on a condition I have not considered, make that condition explicit rather than assuming it away."
dra_paper_qc_0245,media_and_creativity,reading_writing,"Reading, note-taking, and writing tools",graduate_article_annotation,mechanism_to_case_application,source_probed_query_candidate,128,"I read many academic articles and need to annotate figures, compare passages, and retrieve notes months later. The options are printed articles in binders, large tablet with stylus, and laptop PDF workflow with external monitor, and the technical explanations I encounter keep mentioning PDF structure, handwriting input, full-text indexing, display geometry, citation links, and file portability. I need to understand which parts of that mechanism are actually decision-relevant. My requirements are precise margin annotation, view two pages when needed, search notes by project, and reliable long-term export. Trace the practical consequences for each option, including any condition that reverses the comparison, and choose the article-reading workflow with the strongest path from close reading to later retrieval. Do not assume the most advanced-sounding design is automatically the best fit."
dra_paper_qc_0246,media_and_creativity,reading_writing,"Reading, note-taking, and writing tools",archival_personal_journal,evidence_reconciliation,source_probed_query_candidate,133,"I want to keep a personal journal that can still be read decades from now without turning journaling into a technical project. Simple ratings are not enough for bound archival notebook, loose-leaf pages in archival boxes, and offline digital journal with printed backups because premium journals claim permanence while preservation guidance emphasizes materials and storage, and digital users value search but fear obsolescence. Separate claims that can coexist under different conditions from claims that genuinely cannot both be right. Then use these requirements to decide which evidence applies to me: comfortable daily writing, survive ordinary household storage, allow private organization, and remain readable without a subscription. Finally, select a journaling system that balances daily friction, privacy, and long-term readability. I want an explanation of the exclusions and remaining uncertainty, not a popularity vote."
dra_paper_qc_0247,media_and_creativity,reading_writing,"Reading, note-taking, and writing tools",manuscript_revision,constraint_match_and_select,source_probed_query_candidate,103,"I am revising a long manuscript and catch different problems on paper than on my laptop. Before I spend money, I need a decision among print drafts for handwritten markup, large e-ink monitor, and tablet with revision software. Please treat review hundreds of pages, compare distant sections, record changes accurately, and limit repeated paper waste as real constraints, not preferences that can quietly disappear. Compare how the options behave in the stated use case, separate meaningful differences from marketing language, and choose a revision loop that preserves careful reading without duplicating work. Explain why the excluded options fail or require a specific compromise."
dra_paper_qc_0248,media_and_creativity,reading_writing,"Reading, note-taking, and writing tools",multilingual_vocabulary_reader,mechanism_to_case_application,source_probed_query_candidate,126,"I am reading novels in a language I am learning and need quick help without leaving the story every minute. I am comparing e-reader with built-in dictionary, printed book and pocket dictionary, and tablet reading application, but I do not want to choose from labels alone. Explain the decision-relevant effects of dictionary indexing, text selection, spaced retrieval, digital rights, screen illumination, and attention switching in this case. Apply that explanation to these requirements: look up words quickly, save useful vocabulary, read offline, and minimize unrelated distractions. Compare where each option benefits or runs into a limit, and select the reading setup that keeps lookup useful without breaking sustained comprehension. Keep the mechanism tied to the decision rather than turning the answer into a general technical overview."
dra_paper_qc_0249,media_and_creativity,reading_writing,"Reading, note-taking, and writing tools",story_planning_workspace,evidence_reconciliation,source_probed_query_candidate,130,"I am planning a complicated story and need to rearrange scenes, characters, and timelines before drafting. I need a decision among index cards on a board, large dry-erase planning board, and digital visual-notes application, yet physical planning gives an immediate overview while digital writers value search and portability but report tool customization becoming procrastination. Investigate why the claims diverge, including differences in product version, population, usage, measurement, and evidence attribution where relevant. After resolving what can be resolved, evaluate the choices against these requirements: see the whole structure, move elements quickly, capture details away from the desk, and archive a stable version. Then choose the planning surface that supports rearrangement and then gets out of the way of drafting. If the conflict remains bounded, state exactly what is still unknown."
dra_paper_qc_0250,media_and_creativity,reading_writing,"Reading, note-taking, and writing tools",home_book_preservation,constraint_match_and_select,source_probed_query_candidate,118,"I inherited several shelves of books and want to protect them in a humid apartment without creating a museum. The realistic choices seem to be open shelving with room dehumidification, closed bookcases with monitoring, and archival boxes for selected volumes, and I keep finding advice aimed at very different users. My hard requirements are keep books accessible, reduce mold risk, avoid light fading, and fit a rented apartment. Work out which choices genuinely remain after those requirements are applied, show what each surviving choice gives up, and design a tiered storage approach based on condition and use rather than treating every book alike. I would rather hear that a requirement is incompatible than get a generic best-of list."
dra_paper_qc_0251,media_and_creativity,reading_writing,"Reading, note-taking, and writing tools",shared_family_audiobooks,mechanism_to_case_application,source_probed_query_candidate,127,"Our family wants to listen to chapter books together during meals and car trips while keeping everyone's place. Product descriptions make portable Bluetooth speaker and phone, dedicated smart speaker, and shared audiobook player sound easy to compare, but the result seems to depend on audio compression, playback synchronization, account profiles, wireless range, offline storage, and voice purchasing controls. Explain that mechanism in enough depth to evaluate the options against these requirements: clear spoken audio, resume the correct chapter, work during car travel, and limit accidental purchases. Use it to distinguish a real advantage from a specification that may not matter here, and choose the listening setup that keeps a shared book easy to continue across locations. I am looking for a scenario-specific conclusion, not a universal ranking."
dra_paper_qc_0252,media_and_creativity,reading_writing,"Reading, note-taking, and writing tools",portable_letter_writing,evidence_reconciliation,source_probed_query_candidate,134,"I write letters while traveling and want a compact kit that produces neat pages without ink or paper damage in a bag. Advice about rollerball pen and writing pad, compact fountain pen and notebook, and mechanical pencil with stationery is pulling me in opposite directions. Enthusiasts favor expressive tools while travelers report leaks, feathering, broken leads, and awkward writing surfaces. Please determine whether this is a true contradiction or a scope difference, and explain which evidence should carry weight for my case. Use these requirements as the boundary of the decision: write smoothly on common paper, resist leaking in transit, pack under one pound, and allow clean corrections or drafts. Then select the travel writing kit with the best balance of reliability and pleasant handwriting. Do not average incompatible claims into a false consensus."
dra_paper_qc_0253,finance_and_decisions,personal_finance,Personal finance and household planning,household_budget,constraint_match_and_select,source_probed_query_candidate,90,"Two adults with irregular freelance income need a budget they will actually maintain. I am choosing among budgeting app, shared spreadsheet, and paper planner and envelope system. The decision has to satisfy variable monthly income, shared visibility, track annual bills, and minimal subscription cost. Please compare the options as complete routes rather than as isolated specifications, explain the trade-offs that matter in this situation, and choose a budgeting workflow and explain why it fits irregular income. If none satisfies everything, identify the least damaging compromise instead of forcing a winner."
dra_paper_qc_0254,finance_and_decisions,personal_finance,Personal finance and household planning,debt_or_savings,mechanism_to_case_application,source_probed_query_candidate,134,"I have high-interest credit-card debt, a small emergency fund, and an employer retirement match. I need to decide among build a larger emergency fund first, pay debt aggressively first, and split money among debt savings and matched retirement while meeting avoid new debt after a surprise expense, reduce interest cost, capture valuable employer match, and keep the plan psychologically sustainable. Please start from the underlying issue of compound interest, liquidity, expected return, risk, and debt avalanche versus snowball behavior and show how it plays out in the specific use case: what it improves, what it cannot solve, and what new trade-off it creates. Then compare the options on that basis and recommend an allocation rule that reconciles optimization with household resilience, with a conditional answer if the evidence supports more than one sensible route."
dra_paper_qc_0255,finance_and_decisions,personal_finance,Personal finance and household planning,tax_help,evidence_reconciliation,source_probed_query_candidate,118,"My taxes now include freelance income, a home office, and investments, but no international issues. I am trying to choose among self-file with tax software, hire a storefront preparer, and hire an enrolled agent or accountant, but the evidence appears to disagree: software markets simplicity while filers report hidden complexity and professionals vary widely in quality. Reconcile the disagreement by checking whether the sources concern different users, conditions, measurements, time periods, or meanings. Then apply the result under these requirements: accurate deductions, clear audit trail, reasonable cost, and learn enough to plan next year. Finally, choose the preparation route appropriate to the actual sources of complexity. Preserve uncertainty where the available evidence does not support one general conclusion."
dra_paper_qc_0256,finance_and_decisions,personal_finance,Personal finance and household planning,first_investing_plan,constraint_match_and_select,source_probed_query_candidate,106,"I have $10,000 to invest for at least ten years and do not want a second job managing it. I can see plausible arguments for broad index funds, robo-advisor portfolio, and self-selected individual stocks, which is why simple ratings are not helping. I need low ongoing fees, diversification, automatic contributions, and tolerable behavior during market drops. Build the comparison around those needs. Compare the ownership and usability trade-offs where they affect the decision, then select an approach and explain how anecdotal returns should be interpreted. If the answer depends on a condition I have not considered, make that condition explicit rather than assuming it away."
dra_paper_qc_0257,finance_and_decisions,personal_finance,Personal finance and household planning,couple_account_structure,mechanism_to_case_application,source_probed_query_candidate,122,"Two partners are combining household finances but want both shared accountability and some independent spending. The options are fully joint accounts, separate accounts with bill transfers, and joint household account plus personal accounts, and the technical explanations I encounter keep mentioning cash-flow routing, account ownership, automatic transfers, information visibility, and household bargaining. I need to understand which parts of that mechanism are actually decision-relevant. My requirements are pay shared bills reliably, preserve individual autonomy, make savings progress visible, and handle unequal income respectfully. Trace the practical consequences for each option, including any condition that reverses the comparison, and choose an account structure and operating rules that make shared obligations clear. Do not assume the most advanced-sounding design is automatically the best fit."
dra_paper_qc_0258,finance_and_decisions,personal_finance,Personal finance and household planning,annual_expense_sinking_funds,evidence_reconciliation,source_probed_query_candidate,126,"Insurance, school fees, holidays, and car maintenance keep turning predictable annual costs into monthly emergencies. Simple ratings are not enough for separate savings accounts by purpose, one savings account tracked in a spreadsheet, and cash-envelope sinking funds because multiple buckets improve visibility for some households while others report maintenance burden and money stranded in overly rigid categories. Separate claims that can coexist under different conditions from claims that genuinely cannot both be right. Then use these requirements to decide which evidence applies to me: see progress by category, automate monthly contributions, adjust when estimates change, and avoid account clutter. Finally, select a sinking-fund system that makes irregular timing routine rather than surprising. I want an explanation of the exclusions and remaining uncertainty, not a popularity vote."
dra_paper_qc_0259,finance_and_decisions,personal_finance,Personal finance and household planning,child_allowance_system,constraint_match_and_select,source_probed_query_candidate,106,"We want a school-age child to practice spending, saving, and giving without turning every purchase into a parent-managed transaction. Before I spend money, I need a decision among cash jars and paper ledger, prepaid allowance card, and youth bank account. Please treat make balances understandable, allow small independent purchases, set sensible parent controls, and keep fees minimal as real constraints, not preferences that can quietly disappear. Compare how the options behave in the stated use case, separate meaningful differences from marketing language, and choose an allowance system that teaches decisions rather than merely automating transfers. Explain why the excluded options fail or require a specific compromise."
dra_paper_qc_0260,finance_and_decisions,personal_finance,Personal finance and household planning,subscription_cost_audit,mechanism_to_case_application,source_probed_query_candidate,128,"Small recurring subscriptions are spread across cards and app stores, and I want a repeatable way to catch waste. I am comparing subscription-tracking application, monthly statement review spreadsheet, and calendar reminders and annual audit, but I do not want to choose from labels alone. Explain the decision-relevant effects of recurring billing, transaction categorization, account aggregation, renewal timing, and behavioral defaults in this case. Apply that explanation to these requirements: find charges across accounts, avoid sharing banking credentials, record renewal dates, and take less than one hour monthly. Compare where each option benefits or runs into a limit, and choose the audit workflow most likely to identify and cancel unwanted renewals consistently. Keep the mechanism tied to the decision rather than turning the answer into a general technical overview."
dra_paper_qc_0261,finance_and_decisions,personal_finance,Personal finance and household planning,household_document_archive,evidence_reconciliation,source_probed_query_candidate,133,"Our household records are split among paper folders, email attachments, and cloud accounts, making warranty and tax documents hard to find. I need a decision among labeled physical filing system, scanned local digital archive, and encrypted cloud document vault, yet paper is easy to inspect while digital search is faster, but users confuse synchronization with backup and overlook recovery access. Investigate why the claims diverge, including differences in product version, population, usage, measurement, and evidence attribution where relevant. After resolving what can be resolved, evaluate the choices against these requirements: retrieve records by year and category, protect sensitive identifiers, survive device loss, and allow a partner emergency access. Then design a household archive with clear roles for originals, searchable copies, and backups. If the conflict remains bounded, state exactly what is still unknown."
dra_paper_qc_0262,finance_and_decisions,personal_finance,Personal finance and household planning,cash_flow_payday_mismatch,constraint_match_and_select,source_probed_query_candidate,116,"I am paid twice monthly, but rent, utilities, and other bills cluster at the start of the month. The realistic choices seem to be one-month checking buffer, split direct deposit into bill accounts, and paycheck-by-paycheck calendar budget, and I keep finding advice aimed at very different users. My hard requirements are avoid overdrafts, know what is safe to spend, handle variable utility bills, and build the system gradually. Work out which choices genuinely remain after those requirements are applied, show what each surviving choice gives up, and choose a transition plan that fixes timing risk without assuming extra income appears immediately. I would rather hear that a requirement is incompatible than get a generic best-of list."
dra_paper_qc_0263,finance_and_decisions,personal_finance,Personal finance and household planning,charitable_giving_plan,mechanism_to_case_application,source_probed_query_candidate,126,"I want to support several causes during the year but currently give impulsively and lose track of receipts. Product descriptions make monthly recurring donations, quarterly giving budget, and annual pooled giving decision sound easy to compare, but the result seems to depend on budget commitment, donation timing, administrative overhead, record keeping, and choice architecture. Explain that mechanism in enough depth to evaluate the options against these requirements: stay within a fixed annual amount, respond to some urgent needs, keep usable records, and avoid repeated solicitation pressure. Use it to distinguish a real advantage from a specification that may not matter here, and choose a giving cadence and tracking method that align generosity with deliberate limits. I am looking for a scenario-specific conclusion, not a universal ranking."
dra_paper_qc_0264,finance_and_decisions,personal_finance,Personal finance and household planning,major_purchase_comparison,evidence_reconciliation,source_probed_query_candidate,127,"Our household is choosing a major appliance, and low sticker prices, financing offers, and efficiency claims make comparison difficult. Advice about lowest upfront-cost model, higher-efficiency model, and refurbished model with short warranty is pulling me in opposite directions. Retail labels isolate monthly payment or energy savings while owners report repair availability and actual usage can dominate the result. Please determine whether this is a true contradiction or a scope difference, and explain which evidence should carry weight for my case. Use these requirements as the boundary of the decision: compare five-year ownership cost, avoid unaffordable monthly payments, include likely maintenance, and make assumptions visible. Then build a comparison rule that reveals when each purchase route is financially sensible. Do not average incompatible claims into a false consensus."
dra_paper_qc_0265,science_and_technology,ai_ml_computing,"AI, machine learning, and computing choices",first_ml_compute,constraint_match_and_select,source_probed_query_candidate,103,"I am learning machine learning and need compute for experiments without buying a machine that sits idle. I am choosing among local desktop with one GPU, rent cloud GPUs, and use a capable laptop and free hosted notebooks. The decision has to satisfy maximum $2,000 upfront, run common coursework models, learn reproducible workflows, and avoid surprise operating costs. Please compare the options as complete routes rather than as isolated specifications, explain the trade-offs that matter in this situation, and choose the compute path appropriate for a learner's workload. If none satisfies everything, identify the least damaging compromise instead of forcing a winner."
dra_paper_qc_0266,science_and_technology,ai_ml_computing,"AI, machine learning, and computing choices",learning_path,mechanism_to_case_application,source_probed_query_candidate,119,"I know basic Python and want to become capable of building and evaluating real ML systems. I need to decide among textbook-first study, online course sequence, and project-first learning with reference material while meeting twelve hours per week, strong conceptual foundations, portfolio evidence, and avoid tutorial copying. Please start from the underlying issue of statistical learning, optimization, evaluation leakage, software practice, and deliberate retrieval and show how it plays out in the specific use case: what it improves, what it cannot solve, and what new trade-off it creates. Then compare the options on that basis and design the most credible learning route for this starting point, with a conditional answer if the evidence supports more than one sensible route."
dra_paper_qc_0267,science_and_technology,ai_ml_computing,"AI, machine learning, and computing choices",local_ai_machine,evidence_reconciliation,source_probed_query_candidate,119,"I want to run small language and image models locally for privacy and experimentation. I am trying to choose among high-end laptop, desktop GPU workstation, and compact mini PC with large shared memory, but the evidence appears to disagree: vendors label many systems AI-ready while users report software compatibility and memory as the actual bottlenecks. Reconcile the disagreement by checking whether the sources concern different users, conditions, measurements, time periods, or meanings. Then apply the result under these requirements: quiet home-office use, models larger than ordinary laptop RAM, reasonable power draw, and some portability. Finally, choose the architecture that best matches local inference rather than marketing labels. Preserve uncertainty where the available evidence does not support one general conclusion."
dra_paper_qc_0268,science_and_technology,ai_ml_computing,"AI, machine learning, and computing choices",research_data_storage,constraint_match_and_select,source_probed_query_candidate,105,"A small research group needs to share datasets and keep recoverable versions without exposing sensitive files. I can see plausible arguments for managed cloud drive, local NAS with remote access, and encrypted external drives plus institutional storage, which is why simple ratings are not helping. I need multi-user access, version recovery, off-site copy, and clear permission control. Build the comparison around those needs. Compare the ownership and usability trade-offs where they affect the decision, then select a defensible storage architecture and identify its residual risks. If the answer depends on a condition I have not considered, make that condition explicit rather than assuming it away."
dra_paper_qc_0269,science_and_technology,ai_ml_computing,"AI, machine learning, and computing choices",edge_vision_prototype,mechanism_to_case_application,source_probed_query_candidate,130,"I want to prototype a camera system that recognizes a few objects locally without continuously uploading video. The options are single-board computer with accelerator, compact desktop with integrated graphics, and cloud vision service and basic camera, and the technical explanations I encounter keep mentioning image sensors, neural inference, model quantization, accelerator memory, network latency, and power draw. I need to understand which parts of that mechanism are actually decision-relevant. My requirements are process video locally when practical, respond within one second, support a small custom model, and maximum $800. Trace the practical consequences for each option, including any condition that reverses the comparison, and select the prototype architecture with the clearest route from experiment to reliable local operation. Do not assume the most advanced-sounding design is automatically the best fit."
dra_paper_qc_0270,science_and_technology,ai_ml_computing,"AI, machine learning, and computing choices",dataset_labeling_station,evidence_reconciliation,source_probed_query_candidate,128,"A student team must label thousands of images consistently and review disagreements without buying specialized enterprise software. Simple ratings are not enough for laptops with mouse input, desktop station with pen tablet, and web labeling tool on shared tablets because touch and pen interfaces appear faster while practitioners report that guidelines, review queues, and file formats matter more than raw input speed. Separate claims that can coexist under different conditions from claims that genuinely cannot both be right. Then use these requirements to decide which evidence applies to me: draw accurate boundaries, track annotator identity, review disagreements, and export an open data format. Finally, choose the labeling workstation and workflow that protect data consistency. I want an explanation of the exclusions and remaining uncertainty, not a popularity vote."
dra_paper_qc_0271,science_and_technology,ai_ml_computing,"AI, machine learning, and computing choices",quiet_gpu_cooling,constraint_match_and_select,source_probed_query_candidate,107,"My desktop runs long GPU experiments in the same room where I work, and its noise and heat are distracting. Before I spend money, I need a decision among larger air-cooled case, liquid-cooled GPU system, and lower-power GPU with limited performance. Please treat sustain multi-hour workloads, reduce tonal fan noise, stay stable in summer, and require ordinary maintenance as real constraints, not preferences that can quietly disappear. Compare how the options behave in the stated use case, separate meaningful differences from marketing language, and choose the thermal strategy that improves the working environment without sacrificing reliability. Explain why the excluded options fail or require a specific compromise."
dra_paper_qc_0272,science_and_technology,ai_ml_computing,"AI, machine learning, and computing choices",field_model_demo,mechanism_to_case_application,source_probed_query_candidate,129,"I need to demonstrate a small trained model at schools where internet access and available power are unpredictable. I am comparing laptop running the model locally, tablet application with embedded model, and mini PC and portable display, but I do not want to choose from labels alone. Explain the decision-relevant effects of on-device inference, battery energy, model packaging, hardware drivers, application sandboxing, and deployment reproducibility in this case. Apply that explanation to these requirements: work fully offline, setup within five minutes, run for three hours, and recover easily after user error. Compare where each option benefits or runs into a limit, and choose the demonstration platform with the smallest operational failure surface. Keep the mechanism tied to the decision rather than turning the answer into a general technical overview."
dra_paper_qc_0273,science_and_technology,ai_ml_computing,"AI, machine learning, and computing choices",ml_math_study_tools,evidence_reconciliation,source_probed_query_candidate,123,"I am filling gaps in linear algebra and probability while following a machine-learning course. I need a decision among textbook and paper notebook, tablet notebook with symbolic tools, and laptop notebooks with interactive visualizations, yet interactive tools make concepts visible while learners report they can conceal weak algebra and encourage passive execution. Investigate why the claims diverge, including differences in product version, population, usage, measurement, and evidence attribution where relevant. After resolving what can be resolved, evaluate the choices against these requirements: derive equations by hand, visualize abstract concepts, review mistakes later, and avoid copying computed answers. Then design a study-tool mix that uses computation to test reasoning rather than replace it. If the conflict remains bounded, state exactly what is still unknown."
dra_paper_qc_0274,science_and_technology,ai_ml_computing,"AI, machine learning, and computing choices",collaborative_experiment_tracking,constraint_match_and_select,source_probed_query_candidate,119,"Three researchers run similar experiments on different computers and can no longer reconstruct which code, data, and settings produced a result. The realistic choices seem to be shared spreadsheet and file naming rules, self-hosted experiment tracker, and managed experiment-tracking service, and I keep finding advice aimed at very different users. My hard requirements are record parameters and metrics, link code and data versions, compare runs across users, and export records if tools change. Work out which choices genuinely remain after those requirements are applied, show what each surviving choice gives up, and choose the tracking system that makes reproducibility routine for a small group. I would rather hear that a requirement is incompatible than get a generic best-of list."
dra_paper_qc_0275,science_and_technology,ai_ml_computing,"AI, machine learning, and computing choices",training_power_protection,mechanism_to_case_application,source_probed_query_candidate,129,"Brief power interruptions corrupt long local training runs, but I do not need the workstation to operate for hours during an outage. Product descriptions make line-interactive uninterruptible power supply, online uninterruptible power supply, and surge protector with frequent checkpoints sound easy to compare, but the result seems to depend on battery capacity, transfer time, power factor, inverter topology, surge suppression, and software checkpointing. Explain that mechanism in enough depth to evaluate the options against these requirements: bridge short outages, allow safe shutdown, support workstation peak load, and avoid excessive fan noise. Use it to distinguish a real advantage from a specification that may not matter here, and select a protection strategy based on interruption behavior and recoverable computation. I am looking for a scenario-specific conclusion, not a universal ranking."
dra_paper_qc_0276,science_and_technology,ai_ml_computing,"AI, machine learning, and computing choices",responsible_model_testing,evidence_reconciliation,source_probed_query_candidate,127,"A classroom team is comparing several small classifiers and needs a fair evaluation setup on limited hardware. Advice about single fixed train-test split, cross-validation on one workstation, and repeated evaluation on rented compute is pulling me in opposite directions. Leaderboard-style scores imply a clear winner while practitioners warn that split choice, leakage, and repeated tuning can overwhelm small differences. Please determine whether this is a true contradiction or a scope difference, and explain which evidence should carry weight for my case. Use these requirements as the boundary of the decision: compare models fairly, detect unstable results, avoid test-set tuning, and finish within a weekend. Then choose an evaluation design that supports a defensible comparison within the compute budget. Do not average incompatible claims into a false consensus."
dra_paper_qc_0277,science_and_technology,science_space_education,"Science, space, and education kits",family_astronomy,constraint_match_and_select,source_probed_query_candidate,95,"A family wants to see the Moon, planets, and bright deep-sky objects from a light-polluted suburb. I am choosing among small refractor telescope, tabletop reflector telescope, and astronomy binoculars. The decision has to satisfy setup in ten minutes, usable by a teenager, maximum $500, and not dominated by misleading magnification. Please compare the options as complete routes rather than as isolated specifications, explain the trade-offs that matter in this situation, and choose the instrument most likely to produce satisfying first observations. If none satisfies everything, identify the least damaging compromise instead of forcing a winner."
dra_paper_qc_0278,science_and_technology,science_space_education,"Science, space, and education kits",school_microscopy,mechanism_to_case_application,source_probed_query_candidate,113,"A middle-school student wants to examine pond water, plant cells, and prepared slides at home. I need to decide among compound microscope, digital USB microscope, and stereo microscope while meeting see cells when feasible, easy specimen handling, capture some images, and maximum $350. Please start from the underlying issue of optical resolution, numerical aperture, magnification, illumination, and working distance and show how it plays out in the specific use case: what it improves, what it cannot solve, and what new trade-off it creates. Then compare the options on that basis and select the microscope type that matches the intended observations, with a conditional answer if the evidence supports more than one sensible route."
dra_paper_qc_0279,science_and_technology,science_space_education,"Science, space, and education kits",local_weather,evidence_reconciliation,source_probed_query_candidate,120,"I want reliable local weather records for a garden and a school project. I am trying to choose among all-in-one wireless weather station, separate calibrated sensors with data logger, and internet weather data plus a simple rain gauge, but the evidence appears to disagree: consumer stations promise professional accuracy while users report radiation heating, bad placement, and wireless gaps. Reconcile the disagreement by checking whether the sources concern different users, conditions, measurements, time periods, or meanings. Then apply the result under these requirements: temperature rainfall and wind, downloadable history, reasonable maintenance, and credible placement. Finally, choose the observation plan with the best balance of local data and reliability. Preserve uncertainty where the available evidence does not support one general conclusion."
dra_paper_qc_0280,science_and_technology,science_space_education,"Science, space, and education kits",robotics_learning,constraint_match_and_select,source_probed_query_candidate,102,"A teenager enjoys coding and wants a hands-on path into electronics and robotics. I can see plausible arguments for microcontroller starter kit, single-board computer robot kit, and prebuilt educational robot, which is why simple ratings are not helping. I need progress from guided projects to original builds, replaceable components, active learning community, and maximum $400. Build the comparison around those needs. Compare the ownership and usability trade-offs where they affect the decision, then choose the kit style that supports a genuine progression. If the answer depends on a condition I have not considered, make that condition explicit rather than assuming it away."
dra_paper_qc_0281,science_and_technology,science_space_education,"Science, space, and education kits",backyard_bird_observation,mechanism_to_case_application,source_probed_query_candidate,127,"A family wants to identify backyard and park birds and occasionally record what they see. The options are compact binoculars and field guide, full-size binoculars with phone adapter, and small spotting scope, and the technical explanations I encounter keep mentioning objective aperture, field of view, close focus, exit pupil, image stability, and digiscoping alignment. I need to understand which parts of that mechanism are actually decision-relevant. My requirements are usable by adults and children, focus on nearby birds, carry on walks, and capture occasional evidence. Trace the practical consequences for each option, including any condition that reverses the comparison, and choose the observation kit most likely to support frequent identification rather than occasional maximum reach. Do not assume the most advanced-sounding design is automatically the best fit."
dra_paper_qc_0282,science_and_technology,science_space_education,"Science, space, and education kits",rock_mineral_study,evidence_reconciliation,source_probed_query_candidate,123,"A student has collected local rocks and wants to identify them using observable properties rather than color alone. Simple ratings are not enough for mineral test kit, hand lens and field guide, and digital microscope and reference collection because collectible kits present tidy labeled specimens while geology guidance emphasizes combining imperfect field tests on unknown samples. Separate claims that can coexist under different conditions from claims that genuinely cannot both be right. Then use these requirements to decide which evidence applies to me: test hardness and streak, inspect crystal texture, work without damaging every sample, and document conclusions. Finally, choose a study kit that teaches an evidence-based identification sequence. I want an explanation of the exclusions and remaining uncertainty, not a popularity vote."
dra_paper_qc_0283,science_and_technology,science_space_education,"Science, space, and education kits",safe_home_chemistry,constraint_match_and_select,source_probed_query_candidate,98,"A parent wants hands-on chemistry activities for a curious teenager in a kitchen-sized workspace. Before I spend money, I need a decision among prepackaged chemistry experiment kit, household-material experiment book, and sensor-based water testing kit. Please treat avoid open flame, use clear protective procedures, produce measurable observations, and store supplies compactly as real constraints, not preferences that can quietly disappear. Compare how the options behave in the stated use case, separate meaningful differences from marketing language, and choose the format that turns safe observations into testable explanations. Explain why the excluded options fail or require a specific compromise."
dra_paper_qc_0284,science_and_technology,science_space_education,"Science, space, and education kits",beginner_electronics_measurement,mechanism_to_case_application,source_probed_query_candidate,121,"I am learning electronics and need to diagnose simple battery, sensor, and microcontroller circuits. I am comparing basic digital multimeter, multimeter and breadboard kit, and entry-level handheld oscilloscope, but I do not want to choose from labels alone. Explain the decision-relevant effects of input impedance, measurement range, sampling rate, circuit loading, continuity testing, and electrical protection in this case. Apply that explanation to these requirements: measure voltage current and resistance, avoid damaging low-voltage circuits, support guided experiments, and maximum $250. Compare where each option benefits or runs into a limit, and choose the measurement progression that supports useful troubleshooting at the current skill level. Keep the mechanism tied to the decision rather than turning the answer into a general technical overview."
dra_paper_qc_0285,science_and_technology,science_space_education,"Science, space, and education kits",night_sky_navigation,evidence_reconciliation,source_probed_query_candidate,124,"A youth group wants to learn constellations and sky motion during camping trips without depending on cellular service. I need a decision among printed planisphere and red flashlight, offline astronomy application, and portable star projector for preparation, yet phone applications identify objects instantly while observers report bright screens and device pointing can prevent learners from understanding the sky's structure. Investigate why the claims diverge, including differences in product version, population, usage, measurement, and evidence attribution where relevant. After resolving what can be resolved, evaluate the choices against these requirements: work without internet, preserve dark adaptation, match the current season, and support group explanation. Then choose a learning sequence that builds independent sky navigation. If the conflict remains bounded, state exactly what is still unknown."
dra_paper_qc_0286,science_and_technology,science_space_education,"Science, space, and education kits",insect_field_observation,constraint_match_and_select,source_probed_query_candidate,109,"A school club wants to observe local insects closely and release them without unnecessary harm. The realistic choices seem to be clear observation box and hand lens, macro lens for a phone, and portable digital microscope, and I keep finding advice aimed at very different users. My hard requirements are observe living insects briefly, record identifying features, avoid crushing specimens, and carry equipment outdoors. Work out which choices genuinely remain after those requirements are applied, show what each surviving choice gives up, and choose the observation method that balances identification evidence with responsible handling. I would rather hear that a requirement is incompatible than get a generic best-of list."
dra_paper_qc_0287,science_and_technology,science_space_education,"Science, space, and education kits",sound_wave_classroom,mechanism_to_case_application,source_probed_query_candidate,119,"A teacher wants students to investigate pitch, resonance, and room echoes with repeatable measurements. Product descriptions make tuning forks and resonance boxes, microphone and spectrum application, and speaker and handheld sound meter sound easy to compare, but the result seems to depend on sound frequency, resonance, harmonics, microphone response, sound pressure, and room reflections. Explain that mechanism in enough depth to evaluate the options against these requirements: show frequency differences, collect repeatable data, support small-group experiments, and fit a classroom budget. Use it to distinguish a real advantage from a specification that may not matter here, and select an equipment mix that connects audible phenomena to trustworthy measurements. I am looking for a scenario-specific conclusion, not a universal ranking."
dra_paper_qc_0288,science_and_technology,science_space_education,"Science, space, and education kits",solar_energy_experiment,evidence_reconciliation,source_probed_query_candidate,125,"A student wants to compare how angle, shade, and load affect a small solar panel over several weeks. Advice about solar education kit, small panel with multimeter, and solar charger with data logger is pulling me in opposite directions. Kits often demonstrate that a panel works while students need stable loads and environmental records to explain why output changes. Please determine whether this is a true contradiction or a scope difference, and explain which evidence should carry weight for my case. Use these requirements as the boundary of the decision: measure electrical output, change one variable at a time, record outdoor conditions, and withstand repeated setup. Then choose the apparatus that supports a controlled solar-energy investigation. Do not average incompatible claims into a false consensus."
dra_paper_qc_0289,science_and_technology,privacy_security,Digital privacy and practical security,account_security,constraint_match_and_select,source_probed_query_candidate,102,"I need to secure email, banking, and work accounts without locking out less technical family members. I am choosing among password manager with app-based two-factor authentication, passkeys across major devices, and hardware security keys with backup. The decision has to satisfy phishing resistance, account recovery, work across phone and computer, and manageable family support. Please compare the options as complete routes rather than as isolated specifications, explain the trade-offs that matter in this situation, and choose a staged setup that improves security without creating a single catastrophic lockout. If none satisfies everything, identify the least damaging compromise instead of forcing a winner."
dra_paper_qc_0290,science_and_technology,privacy_security,Digital privacy and practical security,private_backup,mechanism_to_case_application,source_probed_query_candidate,125,"I want family files available on several devices but do not want one cloud account to be the only copy. I need to decide among encrypted cloud storage, home NAS with remote access, and external drives rotated off-site while meeting automatic backup, recover deleted files, survive theft or device failure, and limited maintenance. Please start from the underlying issue of client-side encryption, synchronization, versioning, redundancy, and threat models and show how it plays out in the specific use case: what it improves, what it cannot solve, and what new trade-off it creates. Then compare the options on that basis and design a combined storage plan that does not confuse convenience with backup, with a conditional answer if the evidence supports more than one sensible route."
dra_paper_qc_0291,science_and_technology,privacy_security,Digital privacy and practical security,home_camera_privacy,evidence_reconciliation,source_probed_query_candidate,116,"I want to monitor an entry and a pet without sending continuous video to an unknown third party. I am trying to choose among cloud-connected camera, local-storage camera, and offline recorder with wired cameras, but the evidence appears to disagree: cloud cameras are easiest to install while users report subscriptions, breaches, and lost access. Reconcile the disagreement by checking whether the sources concern different users, conditions, measurements, time periods, or meanings. Then apply the result under these requirements: remote alerts, retain useful clips, limit household surveillance, and operate during an internet outage. Finally, choose the architecture whose privacy and reliability tradeoffs fit the home. Preserve uncertainty where the available evidence does not support one general conclusion."
dra_paper_qc_0292,science_and_technology,privacy_security,Digital privacy and practical security,phone_privacy_lifespan,constraint_match_and_select,source_probed_query_candidate,106,"I need a phone for five years and care more about security updates and control than camera trends. I can see plausible arguments for current iPhone, mainstream Android phone, and privacy-focused Android-compatible phone, which is why simple ratings are not helping. I need long security support, banking and messaging compatibility, repairable battery if possible, and maximum $900. Build the comparison around those needs. Compare the ownership and usability trade-offs where they affect the decision, then select the phone strategy with the most credible long-term security story. If the answer depends on a condition I have not considered, make that condition explicit rather than assuming it away."
dra_paper_qc_0293,science_and_technology,privacy_security,Digital privacy and practical security,home_router_controls,mechanism_to_case_application,source_probed_query_candidate,128,"Our household has computers, game consoles, and smart devices, and I want basic network separation without becoming a full-time administrator. The options are consumer router with guest network, mesh system with device profiles, and small firewall appliance and access points, and the technical explanations I encounter keep mentioning network segmentation, wireless roaming, firewall rules, firmware updates, domain filtering, and configuration backup. I need to understand which parts of that mechanism are actually decision-relevant. My requirements are isolate untrusted devices, keep video calls stable, receive security updates, and recover settings after failure. Trace the practical consequences for each option, including any condition that reverses the comparison, and choose the network architecture whose protections can actually be maintained. Do not assume the most advanced-sounding design is automatically the best fit."
dra_paper_qc_0294,science_and_technology,privacy_security,Digital privacy and practical security,paper_identity_disposal,evidence_reconciliation,source_probed_query_candidate,128,"I need to dispose of old statements, shipping labels, and expired identification copies in a small apartment. Simple ratings are not enough for cross-cut paper shredder, manual shredding scissors and soaking, and periodic secure shredding service because shredder listings advertise sheet capacity while owners report jams, short duty cycles, and piles of material waiting for maintenance. Separate claims that can coexist under different conditions from claims that genuinely cannot both be right. Then use these requirements to decide which evidence applies to me: make personal details impractical to reconstruct, handle occasional batches, limit noise and storage, and dispose of mixed staples safely. Finally, choose the disposal workflow proportionate to the information and household volume. I want an explanation of the exclusions and remaining uncertainty, not a popularity vote."
dra_paper_qc_0295,science_and_technology,privacy_security,Digital privacy and practical security,public_charging_travel,constraint_match_and_select,source_probed_query_candidate,110,"I travel with a phone and laptop and sometimes must recharge in airports or shared workspaces. Before I spend money, I need a decision among own wall charger and cables, power bank for all devices, and public USB port with data-blocking adapter. Please treat avoid untrusted data connections, recharge both devices, pass ordinary travel restrictions, and keep the kit compact as real constraints, not preferences that can quietly disappear. Compare how the options behave in the stated use case, separate meaningful differences from marketing language, and select a compact charging strategy that reduces exposure without sacrificing practical power access. Explain why the excluded options fail or require a specific compromise."
dra_paper_qc_0296,science_and_technology,privacy_security,Digital privacy and practical security,remote_work_screen_privacy,mechanism_to_case_application,source_probed_query_candidate,129,"I sometimes work with confidential documents in trains and shared offices where people sit close behind me. I am comparing removable privacy screen filter, smaller secondary travel monitor, and physical seating and window-management routine, but I do not want to choose from labels alone. Explain the decision-relevant effects of display viewing angle, micro-louver optics, luminance loss, screen geometry, visual eavesdropping, and workspace positioning in this case. Apply that explanation to these requirements: reduce side-angle visibility, keep text readable, allow color-sensitive work at home, and pack without display damage. Compare where each option benefits or runs into a limit, and choose a layered screen-privacy approach that matches when and where sensitive work occurs. Keep the mechanism tied to the decision rather than turning the answer into a general technical overview."
dra_paper_qc_0297,science_and_technology,privacy_security,Digital privacy and practical security,smart_speaker_household,evidence_reconciliation,source_probed_query_candidate,127,"We like voice timers and music but do not want microphones and recordings to become invisible household infrastructure. I need a decision among cloud smart speaker, speaker with hardware microphone switch, and ordinary Bluetooth speaker and phone assistant, yet vendors describe passive wake-word listening while privacy discussions focus on accidental activation, retained audio, and unclear household consent. Investigate why the claims diverge, including differences in product version, population, usage, measurement, and evidence attribution where relevant. After resolving what can be resolved, evaluate the choices against these requirements: easy shared timers, clear microphone state, review or limit stored recordings, and work for household music. Then select the convenience level and operating rules that keep microphone use visible. If the conflict remains bounded, state exactly what is still unknown."
dra_paper_qc_0298,science_and_technology,privacy_security,Digital privacy and practical security,retiring_old_devices,constraint_match_and_select,source_probed_query_candidate,112,"I have old phones, laptops, and storage drives to donate or recycle without exposing family files. The realistic choices seem to be factory reset and donate, secure erase before resale, and remove or physically destroy storage, and I keep finding advice aimed at very different users. My hard requirements are protect recoverable personal data, preserve reuse when reasonable, verify the process completed, and handle failed devices. Work out which choices genuinely remain after those requirements are applied, show what each surviving choice gives up, and create a device-by-device retirement rule based on storage technology and operating condition. I would rather hear that a requirement is incompatible than get a generic best-of list."
dra_paper_qc_0299,science_and_technology,privacy_security,Digital privacy and practical security,rental_door_access,mechanism_to_case_application,source_probed_query_candidate,132,"I rent an apartment and want easier guest access without weakening the physical lock or violating lease restrictions. Product descriptions make keypad retrofit lock, smart lock over existing deadbolt, and lockbox with conventional keys sound easy to compare, but the result seems to depend on lock actuation, credential storage, wireless authentication, battery failure modes, physical bypass, and access logging. Explain that mechanism in enough depth to evaluate the options against these requirements: no permanent door modification, revoke guest access, work during power or network failure, and keep a physical fallback. Use it to distinguish a real advantage from a specification that may not matter here, and choose the access method with the most defensible balance of reversibility, security, and guest convenience. I am looking for a scenario-specific conclusion, not a universal ranking."
dra_paper_qc_0300,science_and_technology,privacy_security,Digital privacy and practical security,shared_family_computer,evidence_reconciliation,source_probed_query_candidate,130,"Several family members use one computer, including a child, and personal files and saved logins should not mix. Advice about separate operating-system accounts, one shared account with separate browsers, and individual encrypted external profiles is pulling me in opposite directions. Shared accounts are convenient while support forums show that browser separation does not protect local files or administrative settings. Please determine whether this is a true contradiction or a scope difference, and explain which evidence should carry weight for my case. Use these requirements as the boundary of the decision: separate documents and history, apply age-appropriate limits, keep software updates simple, and recover an account without exposing others. Then choose an account structure that provides meaningful separation without making maintenance unmanageable. Do not average incompatible claims into a false consensus."
dra_paper_qc_0301,society_and_place,urban_commuting,"Urban living, commuting, and local preparedness",five_mile_commute,constraint_match_and_select,source_probed_query_candidate,91,"I have a five-mile city commute with hills, traffic, and limited secure parking. I am choosing among commuter bicycle, electric scooter, and public transit plus walking. The decision has to satisfy door-to-door under forty minutes, safe in mixed traffic, manageable in bad weather, and reasonable annual cost. Please compare the options as complete routes rather than as isolated specifications, explain the trade-offs that matter in this situation, and choose the most resilient commute plan and a fallback. If none satisfies everything, identify the least damaging compromise instead of forcing a winner."
dra_paper_qc_0302,society_and_place,urban_commuting,"Urban living, commuting, and local preparedness",rainy_city_commute,mechanism_to_case_application,source_probed_query_candidate,120,"I need to arrive at work presentable after walking and cycling through frequent rain. I need to decide among waterproof backpack and shell, pannier plus poncho, and umbrella and transit-focused setup while meeting protect laptop and clothes, manage sweat, remain visible, and pack away at the office. Please start from the underlying issue of waterproofing, ventilation, coverage, wind loading, and load placement and show how it plays out in the specific use case: what it improves, what it cannot solve, and what new trade-off it creates. Then compare the options on that basis and select the system that best fits the actual mix of walking and cycling, with a conditional answer if the evidence supports more than one sensible route."
dra_paper_qc_0303,society_and_place,urban_commuting,"Urban living, commuting, and local preparedness",smoke_days,evidence_reconciliation,source_probed_query_candidate,118,"Wildfire smoke now affects my city several days each year, and I work partly from home. I am trying to choose among portable HEPA purifier, indoor air-quality monitor plus purifier, and respirators and a sealed clean room, but the evidence appears to disagree: consumer monitors show conflicting numbers while public guidance and purifier ratings use different metrics. Reconcile the disagreement by checking whether the sources concern different users, conditions, measurements, time periods, or meanings. Then apply the result under these requirements: reduce fine-particle exposure, know when ventilation is safe, cover one bedroom, and avoid false precision. Finally, design the most defensible response for short smoke episodes. Preserve uncertainty where the available evidence does not support one general conclusion."
dra_paper_qc_0304,society_and_place,urban_commuting,"Urban living, commuting, and local preparedness",apartment_outage,constraint_match_and_select,source_probed_query_candidate,107,"Our apartment building has had several day-long winter power outages. I can see plausible arguments for commercial emergency kit, custom kit with radio lights and batteries, and portable power station-centered kit, which is why simple ratings are not helping. I need two adults for forty-eight hours, safe indoor lighting, receive local information, and store in one closet. Build the comparison around those needs. Compare the ownership and usability trade-offs where they affect the decision, then choose the kit strategy most likely to work after a year untouched. If the answer depends on a condition I have not considered, make that condition explicit rather than assuming it away."
dra_paper_qc_0305,society_and_place,urban_commuting,"Urban living, commuting, and local preparedness",car_free_grocery_run,mechanism_to_case_application,source_probed_query_candidate,118,"I buy a week's groceries without a car and must carry them one mile over uneven sidewalks. The options are folding shopping cart, large backpack, and bicycle panniers, and the technical explanations I encounter keep mentioning load distribution, wheel diameter, rolling resistance, center of mass, stair handling, and container structure. I need to understand which parts of that mechanism are actually decision-relevant. My requirements are carry twenty-five pounds, protect fragile food, handle stairs, and store in a small apartment. Trace the practical consequences for each option, including any condition that reverses the comparison, and choose the carrying system that fits both the route and apartment storage. Do not assume the most advanced-sounding design is automatically the best fit."
dra_paper_qc_0306,society_and_place,urban_commuting,"Urban living, commuting, and local preparedness",street_bicycle_security,evidence_reconciliation,source_probed_query_candidate,125,"I must leave a modest commuter bicycle outside for several hours in a busy city area. Simple ratings are not enough for heavy U-lock, U-lock and chain combination, and folding lock with wheel cable because security ratings focus on controlled attacks while cyclists report that locking technique, component theft, and poor racks often determine outcomes. Separate claims that can coexist under different conditions from claims that genuinely cannot both be right. Then use these requirements to decide which evidence applies to me: secure frame and wheels, resist common hand tools, carry on the bicycle, and fit varied street racks. Finally, select a locking system and routine proportionate to the parking exposure. I want an explanation of the exclusions and remaining uncertainty, not a popularity vote."
dra_paper_qc_0307,society_and_place,urban_commuting,"Urban living, commuting, and local preparedness",night_commute_visibility,constraint_match_and_select,source_probed_query_candidate,108,"Part of my winter commute is on dark streets with intersections where drivers often turn across cyclists. Before I spend money, I need a decision among high-output bicycle lights, multiple lower-output lights and reflectors, and reflective clothing plus helmet lights. Please treat be visible from several directions, see road hazards, avoid blinding others, and last through a week of commutes as real constraints, not preferences that can quietly disappear. Compare how the options behave in the stated use case, separate meaningful differences from marketing language, and design a layered lighting setup for detection, recognition, and road illumination. Explain why the excluded options fail or require a specific compromise."
dra_paper_qc_0308,society_and_place,urban_commuting,"Urban living, commuting, and local preparedness",transit_noise_commute,mechanism_to_case_application,source_probed_query_candidate,128,"My train commute is noisy, but I need to hear announcements and remain aware while walking between stations. I am comparing noise-canceling headphones, vented wireless earbuds, and passive earplugs without audio, but I do not want to choose from labels alone. Explain the decision-relevant effects of active noise control, passive attenuation, acoustic transparency, microphone processing, fit, and auditory masking in this case. Apply that explanation to these requirements: reduce steady train noise, hear important announcements, remain comfortable for an hour, and switch safely to street awareness. Compare where each option benefits or runs into a limit, and choose the listening strategy that reduces fatigue without isolating the rider at critical moments. Keep the mechanism tied to the decision rather than turning the answer into a general technical overview."
dra_paper_qc_0309,society_and_place,urban_commuting,"Urban living, commuting, and local preparedness",apartment_package_delivery,evidence_reconciliation,source_probed_query_candidate,124,"Packages are sometimes left in our building lobby, and I cannot install permanent equipment outside my rental. I need a decision among indoor door camera, portable package lockbox, and carrier pickup and delivery instructions, yet camera products document theft but may not prevent it, while lockboxes depend on courier behavior and building permission. Investigate why the claims diverge, including differences in product version, population, usage, measurement, and evidence attribution where relevant. After resolving what can be resolved, evaluate the choices against these requirements: reduce unattended exposure, avoid filming neighbors unnecessarily, require no building modification, and work across several carriers. Then choose a package strategy that addresses the actual handoff point within rental constraints. If the conflict remains bounded, state exactly what is still unknown."
dra_paper_qc_0310,society_and_place,urban_commuting,"Urban living, commuting, and local preparedness",summer_heat_commute,constraint_match_and_select,source_probed_query_candidate,119,"I walk and wait for buses during hot summers and need to arrive at work without overheating. The realistic choices seem to be ventilated sun hat and water bottle, cooling towel and compact fan, and light umbrella and insulated bottle, and I keep finding advice aimed at very different users. My hard requirements are reduce direct sun exposure, remain useful in humid weather, pack in a work bag, and require little daily preparation. Work out which choices genuinely remain after those requirements are applied, show what each surviving choice gives up, and select a portable heat-management kit matched to the route and climate mechanism. I would rather hear that a requirement is incompatible than get a generic best-of list."
dra_paper_qc_0311,society_and_place,urban_commuting,"Urban living, commuting, and local preparedness",winter_sidewalk_traction,mechanism_to_case_application,source_probed_query_candidate,129,"My walking route includes icy sidewalks and indoor transit stations where aggressive traction devices become awkward. Product descriptions make winter boots with soft rubber tread, removable ice cleats, and walking poles and ordinary boots sound easy to compare, but the result seems to depend on rubber friction, tread deformation, metal penetration, gait stability, surface transition, and contact pressure. Explain that mechanism in enough depth to evaluate the options against these requirements: grip patchy ice, walk safely on indoor floors, put on quickly, and carry when conditions improve. Use it to distinguish a real advantage from a specification that may not matter here, and choose a traction system and transition routine for a route that alternates outdoors and indoors. I am looking for a scenario-specific conclusion, not a universal ranking."
dra_paper_qc_0312,society_and_place,urban_commuting,"Urban living, commuting, and local preparedness",offline_city_navigation,evidence_reconciliation,source_probed_query_candidate,132,"I navigate unfamiliar parts of the city by bicycle and transit, and my phone battery sometimes runs low before I return. Advice about phone mount and power bank, dedicated bicycle navigation computer, and printed route notes with transit map is pulling me in opposite directions. Phone navigation is flexible while riders report battery drain and distraction, whereas dedicated devices may have weaker transit context. Please determine whether this is a true contradiction or a scope difference, and explain which evidence should carry weight for my case. Use these requirements as the boundary of the decision: follow turns without stopping often, work during network gaps, survive light rain, and retain an emergency phone reserve. Then choose a navigation setup with a credible failure fallback. Do not average incompatible claims into a false consensus."
dra_paper_qc_0313,media_and_creativity,arts_creative_tools,"Art, design, and creative tools",digital_drawing,constraint_match_and_select,source_probed_query_candidate,92,"I draw on paper and want to move into digital illustration without losing the hand feel. I am choosing among screenless drawing tablet, pen display, and general tablet with stylus. The decision has to satisfy accurate pen input, comfortable posture, portable enough for classes, and maximum $900. Please compare the options as complete routes rather than as isolated specifications, explain the trade-offs that matter in this situation, and choose the transition path most likely to support regular practice. If none satisfies everything, identify the least damaging compromise instead of forcing a winner."
dra_paper_qc_0314,media_and_creativity,arts_creative_tools,"Art, design, and creative tools",family_photo_prints,mechanism_to_case_application,source_probed_query_candidate,128,"I want physical family photos without spending every evening fixing printer settings. I need to decide among home photo inkjet printer, online or local photo lab, and instant camera and occasional lab prints while meeting predictable color, reasonable cost for fifty prints a month, archival enough for albums, and simple workflow. Please start from the underlying issue of inkjet droplets, dye versus pigment, paper profiles, color management, and print longevity and show how it plays out in the specific use case: what it improves, what it cannot solve, and what new trade-off it creates. Then compare the options on that basis and select the printing strategy that matches the actual volume and tolerance for maintenance, with a conditional answer if the evidence supports more than one sensible route."
dra_paper_qc_0315,media_and_creativity,arts_creative_tools,"Art, design, and creative tools",first_paint_medium,evidence_reconciliation,source_probed_query_candidate,109,"An adult beginner wants to paint at home in a small room with limited ventilation. I am trying to choose among watercolor, acrylic paint, and water-mixable oil paint, but the evidence appears to disagree: starter kits make each medium look equally accessible while artists report different learning curves and waste. Reconcile the disagreement by checking whether the sources concern different users, conditions, measurements, time periods, or meanings. Then apply the result under these requirements: easy cleanup, learn color mixing, store supplies compactly, and avoid strong solvents. Finally, choose the medium that fits the room and learning goals. Preserve uncertainty where the available evidence does not support one general conclusion."
dra_paper_qc_0316,media_and_creativity,arts_creative_tools,"Art, design, and creative tools",color_accurate_editing,constraint_match_and_select,source_probed_query_candidate,103,"I edit photos and illustrations and need reliable color without buying a studio workstation. I can see plausible arguments for color-focused laptop, desktop with calibrated monitor, and tablet-based editing setup, which is why simple ratings are not helping. I need accurate display, enough performance for large files, backup and export workflow, and maximum $2,000. Build the comparison around those needs. Compare the ownership and usability trade-offs where they affect the decision, then recommend the system architecture with the most controllable color pipeline. If the answer depends on a condition I have not considered, make that condition explicit rather than assuming it away."
dra_paper_qc_0317,media_and_creativity,arts_creative_tools,"Art, design, and creative tools",home_artwork_scanning,mechanism_to_case_application,source_probed_query_candidate,124,"I need accurate digital copies of drawings and small paintings for a portfolio without a permanent studio setup. The options are flatbed scanner, camera copy stand, and phone scanning rig with lights, and the technical explanations I encounter keep mentioning optical resolution, lens distortion, sensor noise, illumination uniformity, polarization, and color calibration. I need to understand which parts of that mechanism are actually decision-relevant. My requirements are preserve fine detail, control color and glare, handle work up to poster size, and pack away after use. Trace the practical consequences for each option, including any condition that reverses the comparison, and choose the digitization method that matches the artwork surfaces and required output. Do not assume the most advanced-sounding design is automatically the best fit."
dra_paper_qc_0318,media_and_creativity,arts_creative_tools,"Art, design, and creative tools",plein_air_painting,evidence_reconciliation,source_probed_query_candidate,123,"I want to paint outdoors on day trips and carry everything on public transit. Simple ratings are not enough for watercolor travel palette, gouache sketch kit, and compact acrylic pochade box because travel kits advertise completeness while outdoor painters report leaking water, drying palettes, unstable easels, and too many unused colors. Separate claims that can coexist under different conditions from claims that genuinely cannot both be right. Then use these requirements to decide which evidence applies to me: setup in five minutes, carry water and supplies safely, work on windy days, and clean up away from home. Finally, choose the medium and kit architecture that encourages frequent outdoor sessions. I want an explanation of the exclusions and remaining uncertainty, not a popularity vote."
dra_paper_qc_0319,media_and_creativity,arts_creative_tools,"Art, design, and creative tools",small_space_printmaking,constraint_match_and_select,source_probed_query_candidate,105,"I want to make small edition prints at home but have no room for a press and need straightforward cleanup. Before I spend money, I need a decision among linocut hand-printing kit, gel printing plate, and screen-printing starter frame. Please treat fit one table, produce repeatable impressions, use manageable inks, and store tools in one box as real constraints, not preferences that can quietly disappear. Compare how the options behave in the stated use case, separate meaningful differences from marketing language, and choose the printmaking process whose physical workflow fits a temporary home workspace. Explain why the excluded options fail or require a specific compromise."
dra_paper_qc_0320,media_and_creativity,arts_creative_tools,"Art, design, and creative tools",stop_motion_projects,mechanism_to_case_application,source_probed_query_candidate,119,"A teenager wants to make stop-motion films with small figures and household materials. I am comparing phone tripod and lighting kit, webcam with animation software, and mirrorless camera on copy stand, but I do not want to choose from labels alone. Explain the decision-relevant effects of frame rate, exposure consistency, camera tethering, focus control, flicker, and onion-skin preview in this case. Apply that explanation to these requirements: keep framing stable, control exposure between frames, preview motion easily, and maximum $600. Compare where each option benefits or runs into a limit, and select the capture setup that removes friction from repeated frame-by-frame work. Keep the mechanism tied to the decision rather than turning the answer into a general technical overview."
dra_paper_qc_0321,media_and_creativity,arts_creative_tools,"Art, design, and creative tools",sewing_first_workstation,evidence_reconciliation,source_probed_query_candidate,127,"I want to alter clothes and make simple bags at a dining table that must be cleared after each session. I need a decision among mechanical sewing machine, compact computerized sewing machine, and hand-sewing and repair kit, yet feature-rich machines promise easier sewing while beginners report threading, tension, and repair access can matter more than decorative stitches. Investigate why the claims diverge, including differences in product version, population, usage, measurement, and evidence attribution where relevant. After resolving what can be resolved, evaluate the choices against these requirements: handle common woven fabric, learn basic seams and hems, store compactly, and find replacement needles and parts. Then choose the first workstation that supports useful projects and sustainable learning. If the conflict remains bounded, state exactly what is still unknown."
dra_paper_qc_0322,media_and_creativity,arts_creative_tools,"Art, design, and creative tools",calligraphy_practice,constraint_match_and_select,source_probed_query_candidate,111,"I want to learn expressive lettering for cards and signs without ruining ordinary paper or buying many specialized tools. The realistic choices seem to be brush pens, broad-edge dip pens, and parallel fountain pen, and I keep finding advice aimed at very different users. My hard requirements are practice basic stroke contrast, work on affordable paper, allow easy cleanup, and produce consistent letter widths. Work out which choices genuinely remain after those requirements are applied, show what each surviving choice gives up, and choose a practice system that teaches transferable letter construction with limited material waste. I would rather hear that a requirement is incompatible than get a generic best-of list."
dra_paper_qc_0323,media_and_creativity,arts_creative_tools,"Art, design, and creative tools",rotating_art_display,mechanism_to_case_application,source_probed_query_candidate,126,"Our family makes many drawings and prints, and we want to display a changing selection without damaging walls or originals. Product descriptions make front-opening picture frames, magnetic poster rails, and digital art display sound easy to compare, but the result seems to depend on mounting pressure, magnetic holding force, ultraviolet exposure, display luminance, aspect ratio, and paper flatness. Explain that mechanism in enough depth to evaluate the options against these requirements: swap work in minutes, hold varied paper sizes, limit light damage, and keep the room visually orderly. Use it to distinguish a real advantage from a specification that may not matter here, and choose a display-and-storage rotation that respects both convenience and the artwork. I am looking for a scenario-specific conclusion, not a universal ranking."
dra_paper_qc_0324,media_and_creativity,arts_creative_tools,"Art, design, and creative tools",craft_cutting_workspace,evidence_reconciliation,source_probed_query_candidate,128,"I make paper models and mixed-media projects and need precise cutting at a shared household table. Advice about craft knife and self-healing mat, rotary cutter and rulers, and desktop electronic cutting machine is pulling me in opposite directions. Electronic cutters promise repeatability while crafters report software setup, wasted material, and blade calibration can exceed the benefit for one-off work. Please determine whether this is a true contradiction or a scope difference, and explain which evidence should carry weight for my case. Use these requirements as the boundary of the decision: cut curves and straight edges, protect the table, repeat some shapes, and store tools safely. Then choose the cutting workflow based on shape complexity and repetition rather than novelty. Do not average incompatible claims into a false consensus."
dra_paper_qc_0325,society_and_place,sustainable_consumption,Sustainable consumption and repairability,household_batteries,constraint_match_and_select,source_probed_query_candidate,93,"Our home uses many AA and AAA batteries in toys, sensors, and flashlights. I am choosing among alkaline disposables, nickel-metal-hydride rechargeables, and lithium primary cells for selected devices. The decision has to satisfy reliable in low-drain devices, work in emergency lights, reduce waste, and reasonable five-year cost. Please compare the options as complete routes rather than as isolated specifications, explain the trade-offs that matter in this situation, and design a mixed battery policy instead of forcing one chemistry everywhere. If none satisfies everything, identify the least damaging compromise instead of forcing a winner."
dra_paper_qc_0326,society_and_place,sustainable_consumption,Sustainable consumption and repairability,failing_appliance,mechanism_to_case_application,source_probed_query_candidate,118,"A ten-year-old appliance needs an expensive repair, and a new efficient model is on sale. I need to decide among repair the existing appliance, buy refurbished, and buy new while meeting total five-year cost, parts and service availability, energy use, and avoid unnecessary disposal. Please start from the underlying issue of embodied energy, operating efficiency, failure probability, parts ecosystems, and warranty and show how it plays out in the specific use case: what it improves, what it cannot solve, and what new trade-off it creates. Then compare the options on that basis and choose a route using explicit conditions rather than a blanket repair-or-replace rule, with a conditional answer if the evidence supports more than one sensible route."
dra_paper_qc_0327,society_and_place,sustainable_consumption,Sustainable consumption and repairability,reusable_lunch,evidence_reconciliation,source_probed_query_candidate,116,"I want to replace disposable lunch packaging for a family without buying trendy items that quickly fail. I am trying to choose among glass containers, durable plastic containers, and silicone bags and wraps, but the evidence appears to disagree: reusable products claim immediate sustainability while life-cycle results depend on repeated use and washing. Reconcile the disagreement by checking whether the sources concern different users, conditions, measurements, time periods, or meanings. Then apply the result under these requirements: daily dishwasher use, safe transport, replaceable seals or lids, and lower impact over several years. Finally, select a practical mix and state what usage makes it worthwhile. Preserve uncertainty where the available evidence does not support one general conclusion."
dra_paper_qc_0328,society_and_place,sustainable_consumption,Sustainable consumption and repairability,outage_lighting,constraint_match_and_select,source_probed_query_candidate,104,"I want emergency lighting that reduces disposable-battery use but still works after months in storage. I can see plausible arguments for solar lantern, USB-rechargeable lantern, and replaceable-battery LED lantern, which is why simple ratings are not helping. I need eight hours of low light, reliable after long storage, usable during cloudy outages, and repairable charging path. Build the comparison around those needs. Compare the ownership and usability trade-offs where they affect the decision, then choose the lighting system with the most credible long-term readiness. If the answer depends on a condition I have not considered, make that condition explicit rather than assuming it away."
dra_paper_qc_0329,society_and_place,sustainable_consumption,Sustainable consumption and repairability,clothing_repair_kit,mechanism_to_case_application,source_probed_query_candidate,125,"Our household discards clothes for loose hems, missing buttons, and small tears that should be repairable. The options are basic hand-sewing kit, compact sewing machine, and fabric repair tape and patches, and the technical explanations I encounter keep mentioning stitch structure, seam strength, adhesive bonding, fabric stretch, needle selection, and wash durability. I need to understand which parts of that mechanism are actually decision-relevant. My requirements are fix common everyday damage, work on varied fabrics, store in a drawer, and produce repairs that survive washing. Trace the practical consequences for each option, including any condition that reverses the comparison, and choose a repair toolkit that matches the damage frequency and willingness to learn. Do not assume the most advanced-sounding design is automatically the best fit."
dra_paper_qc_0330,society_and_place,sustainable_consumption,Sustainable consumption and repairability,daily_drink_container,evidence_reconciliation,source_probed_query_candidate,123,"I buy bottled drinks during commuting and want a reusable container I will actually carry every day. Simple ratings are not enough for stainless steel insulated bottle, lightweight plastic bottle, and glass bottle with sleeve because material labels imply a simple environmental ranking while life-cycle impact depends on durability, cleaning, transport weight, and continued use. Separate claims that can coexist under different conditions from claims that genuinely cannot both be right. Then use these requirements to decide which evidence applies to me: fit a bag pocket, avoid leaks, clean thoroughly, and last through frequent use. Finally, select the container whose practical reuse count is most credible for this routine. I want an explanation of the exclusions and remaining uncertainty, not a popularity vote."
dra_paper_qc_0331,society_and_place,sustainable_consumption,Sustainable consumption and repairability,low_waste_cleaning,constraint_match_and_select,source_probed_query_candidate,107,"I want to reduce disposable cleaning products without making routine kitchen and bathroom cleaning less effective. Before I spend money, I need a decision among washable microfiber cloth system, cotton rags and refillable spray bottles, and compostable disposable wipes. Please treat clean grease and ordinary soil, separate bathroom and kitchen use, wash without excessive effort, and avoid frequent replacements as real constraints, not preferences that can quietly disappear. Compare how the options behave in the stated use case, separate meaningful differences from marketing language, and design a cleaning-cloth rotation whose hygiene and reuse practices are explicit. Explain why the excluded options fail or require a specific compromise."
dra_paper_qc_0332,society_and_place,sustainable_consumption,Sustainable consumption and repairability,used_furniture_choice,mechanism_to_case_application,source_probed_query_candidate,119,"I need a sturdy dining table and can buy used locally, flat-pack new, or refurbished from a shop. I am comparing peer-to-peer used table, refurbished solid-wood table, and new flat-pack table, but I do not want to choose from labels alone. Explain the decision-relevant effects of joinery, material fatigue, repairability, transport emissions, finish condition, and product lifespan in this case. Apply that explanation to these requirements: seat four adults, survive a household move, inspect for structural problems, and stay within $600. Compare where each option benefits or runs into a limit, and choose a purchase route using inspection, transport, and expected-life conditions. Keep the mechanism tied to the decision rather than turning the answer into a general technical overview."
dra_paper_qc_0333,society_and_place,sustainable_consumption,Sustainable consumption and repairability,apartment_food_scraps,evidence_reconciliation,source_probed_query_candidate,136,"A small apartment household wants to divert food scraps but has no private yard and is sensitive to odors. I need a decision among freezer scrap bin for community drop-off, countertop electric food recycler, and indoor worm bin, yet countertop machines use composting language while waste programs distinguish dried output from finished compost, and worm bins require biological care. Investigate why the claims diverge, including differences in product version, population, usage, measurement, and evidence attribution where relevant. After resolving what can be resolved, evaluate the choices against these requirements: control odors and pests, handle weekly vegetable scraps, fit limited floor space, and produce a usable destination for output. Then choose the diversion route based on the full path from kitchen scrap to accepted final material. If the conflict remains bounded, state exactly what is still unknown."
dra_paper_qc_0334,society_and_place,sustainable_consumption,Sustainable consumption and repairability,shared_repair_toolbox,constraint_match_and_select,source_probed_query_candidate,109,"Several neighbors want to share tools for simple furniture, bicycle, and appliance repairs rather than each buying rarely used sets. The realistic choices seem to be shared general-purpose toolbox, tool-library membership, and individual compact repair kits, and I keep finding advice aimed at very different users. My hard requirements are cover common fasteners, track borrowed items, replace worn consumables, and avoid unsafe unfamiliar tools. Work out which choices genuinely remain after those requirements are applied, show what each surviving choice gives up, and choose an ownership and governance model that makes repair access dependable. I would rather hear that a requirement is incompatible than get a generic best-of list."
dra_paper_qc_0335,society_and_place,sustainable_consumption,Sustainable consumption and repairability,air_drying_laundry,mechanism_to_case_application,source_probed_query_candidate,124,"I want to reduce dryer use in an apartment but cannot leave damp clothes throughout the living room for days. Product descriptions make folding drying rack, ceiling-mounted pulley rack, and heated drying rack sound easy to compare, but the result seems to depend on evaporation, relative humidity, air circulation, surface area, heat input, and textile shrinkage. Explain that mechanism in enough depth to evaluate the options against these requirements: dry one ordinary load, limit indoor moisture buildup, store or retract when unused, and protect delicate fabrics. Use it to distinguish a real advantage from a specification that may not matter here, and choose a drying setup and ventilation routine appropriate to the room. I am looking for a scenario-specific conclusion, not a universal ranking."
dra_paper_qc_0336,society_and_place,sustainable_consumption,Sustainable consumption and repairability,standby_power_control,evidence_reconciliation,source_probed_query_candidate,129,"Our media desk and home office contain many chargers and devices that remain plugged in around the clock. Advice about switched power strips, energy-monitoring smart plugs, and whole-desk smart power strip is pulling me in opposite directions. Smart plugs promise savings while measurements often show small loads, and automatic shutdown can disrupt updates, clocks, or network equipment. Please determine whether this is a true contradiction or a scope difference, and explain which evidence should carry weight for my case. Use these requirements as the boundary of the decision: measure before automating, avoid cutting power to needed devices, provide surge protection where appropriate, and remain simple for everyone. Then choose a targeted control plan justified by measured consumption and device behavior. Do not average incompatible claims into a false consensus."
