{
  "weights": {
    "coverage": 0.10196207090847696,
    "depth": 0.29578930340004705,
    "rigor": 0.28496419787070837,
    "style": 0.013658713860925166,
    "checklist": 0.17530010019699305,
    "spec": 0.12832561376284934
  },
  "cv_loglik": -0.5343793268667316,
  "baseline_loglik": -0.5352976623009913,
  "n_prefs": 2000,
  "fit_timestamp": "2026-05-22T05:30:55.709492+00:00",
  "source": "(synthetic --dry-run)",
  "dry_run": true
}
